あけの,아케노
あさひが丘,아사히가오카
あざみ野,아사미노
あすか野北,아수카노키타
あたご,아타고
いぶき野,이부키노
うちだ,우치다
お花茶屋,오하나자야
くし,구시
けやき台,게야키다이
こがね,고가네
こがわ,고가와
さいたま市,사이타마시
さいたま市中央区,추오쿠
さいたま市北区,기타쿠
さいたま市南区,미나미
さいたま市大宮区,오미야쿠
さいたま市岩槻区,이왙수키쿠
さいたま市緑区,미도리쿠
さいたま市西区,니시
さいたま市見沼区,미누마쿠
さくら市,사쿠라 시
しらかば,시라카바
しらとり台,시라토리다이
すすき野,수수키노
つつじが丘北,트숱수지가오카키타
とん田西町,톤덴니시마치
ほら,호라
まち,마치
みずの,미수노
みのわ,미노와
みゆき,미유키
みよし市,미요시시
ゆた,유타
ゆめみ野,유메미노
一の宮学園町,이치노미야가쿠엔초
一の宮町,이치노미야초
一の宮町中通,이치노미야마치나카도리
一之江,이치뇌
一宮東町,이꾸히가시마치
一志町庄村,이치시초쇼무라
一日市,히토이치
一本木,이뽄기
一社,이쌰
一色,이씨키
一色町,이씨키초
一迫,이치하사마
一里山,이치리야마
七左町,시치사초
七日市,나노카이치
七番町,시치반초
万代,반다이초
万代東,반다이히가시
万代町,반다이초
万木,만기
万沢,만사와
万町,만초
万石,만고쿠
万騎が原,마키가하라
三ケ,산가
三ツ沢下町,밑수사와시모마치
三ヶ日町,미까비
三丁,산조
三久保,미쿠보
三井郡,미이군
三保町,미호초
三倉,미쿠라
三吉町,미요시초
三和,사놔
三国本町,미쿠니혼마치
三国町,미쿠니초
三坂,미사카
三好市,미요시 시
三好町,미요시초
三室,밑수무로
三島中央,미시마추오
三島郡,미시마군
三川口町,미카와구치초
三成,미나리
三戸郡,산노헤 군
三方上中郡,미카타카미나카군
三方郡,미카타군
三日,미까마치
三日市,미까이치
三日町,미까마치
三春台,미하루다이
三条町,산조마치
三栄町,산'에이초
三根,밑수네
三橋,밑수하시초
三池,미이케
三津屋,밑수야
三浦郡,미우라군
三滝本町,미타키홈마치
三瓶町,미카메
三番町,산반초
三箇,산가
三芳町,미요시초
三苫,미토마
三蔵,산소
三角町,미수미마치
三角町手場,미수미마치테바
三軒家東,산겐'야히가시
三輪町,미와마치
三郎,사부로
三郎丸,사부로마루
三養基郡,미야키군
上の丸町,우에노마루초
上の山,우에노야마
上ケ,아게
上下町上下,조게초조게
上中,가미나카
上中条,가미추조
上中里,가미나카사토초
上丸子,가미마루코
上丸子山王町,가미마루코산노초
上之,가미노초
上之園,아게노손
上之町,가미노초
上井出,가미이데
上井草,가미이구사
上伊那郡,가미이나군
上倉田町,가미쿠라타초
上北,우에키타
上北沢,가미키타사와
上北郡,가미키타군
上十条,가미쥬조
上千田,가미치다
上吉田,가미요시다
上吉羽,가미요시바
上和田,가미와다
上堀,가미호리
上大崎,가미오사키
上安,가미야수
上宿町,가미주쿠초
上富野,가미토미노
上小町,가미코초
上小阪,가미코사카
上山田,가미야마다
上山門,가미야마토
上島田,가미시마타
上川井町,가미카와이초
上川郡,가미카와군 테시오 노 쿠니
上広,가미히로
上庄,가미노쇼
上彦名,가미히코나
上手,가미테
上新,가미니이
上新庄,가미신조
上新栄町,가미시네이초
上新田,가미신덴
上曽根,가미소네
上末,우와수에
上本,우에홈마치
上本町,우에홈마치
上杉,가미수기
上条,아게조
上東,가미히가시
上柳,가미야나기
上水内郡,가미미노치군
上永谷,가미나가야초
上池田,가미이케다
上池袋,가미이케부쿠로
上沢,가미사와
上津,가밑수
上浜,가미하마
上浮穴郡,가미우케나
上清戸,가미키요토
上物部,가미모노베
上田中町,가미타나카마치
上田原,가미타와라
上甲東園,가미코퇸
上益城郡,가미마시키군
上目黒,가미메구로
上石原,가미이시와라
上石田,가미이시다
上祖師谷,가미소시가야
上筒井通,가밑숱싀도리
上芝,우에노시바
上草柳,가미소야기
上荻,가미오기
上藤沢,가미후지사와
上西,우에니시
上谷,우와얕수
上貫,가미누키
上近江,가미오미
上通町,가미토리초
上連雀,가미렌자쿠
上郷,가미고
上郷町,가미고초
上野東,우에노히가시마치
上野通,우에노도리
上閉伊郡,가미헤이군
上青木,가미아오키
上飯田町,가미'이이다초
上香貫,가미카누키
上馬渡,가미마와타리
上高井郡,가미타카이군
上高田,가미타카다
上鳴子,가미나루코
上鶴間,가밑수루마
上鶴間本町,가밑수루마혼초
下並木,시모나미키
下中,시모나카
下丸子,시모마루코
下京区,시모교 쿠
下伊那郡,시모이나군
下佐曽利,시모사소리
下作延,시모사쿠노베
下出,시모데
下分,시모분
下切,시타기리
下到津,시모이토수
下吉田,시모요시다
下和田,시모와다
下城野,시모조노
下大,시모오마치
下大塚,시모'옽수카
下安松,시모야수맡수
下宗岡,시모무너카
下宮永,시모미야나가마치
下宿,시모주쿠
下富野,시모토미노
下小原,시모코바라
下小山田,사쿠라다
下小田,시모오다
下小田中,시모코다나카
下小路,시모코지
下屋敷,시모야시키
下山,오야마사키
下山手通,시모야마테도리
下山田,시모야마다
下島,시모지마
下川原,시모카와하라
下平,시모다이라
下平間,시모히라마
下庄,시모노쇼초
下新城長岡,시모신조나가오카
下新川郡,시모니이카와 군
下新田,시모신덴
下日出谷,시모히데야
下木戸,시모키도
下末吉,시모수에요시
下条,시모조
下根本,시모네모토
下森,시모모리
下永吉,시모나가요시
下永谷,시모나가야
下河内,시모고치
下浜,시모하마
下清戸,시모키요토
下田町,시모다초
下町,시모마치
下目黒,시모메구로
下硯川,시모수수리카와마치
下舘,시모타테
下藤沢,시모후지사와
下西,시모니시
下賀茂,시모가모
下通,시모토리
下連雀,시모렌자쿠
下都賀郡,시뫁수가군
下里,시모사토
下野谷町,시타노야초
下長,시모나가
下閉伊郡,시모헤이군
下飯田,시모이이다초
下飯野,시모이이노
下香貫,시모카누키
下高井戸,시모타카이도
下高野,시모타카노
下麻生,시모아사오
不動,후도
不破郡,후와군
与原,요바루
与謝郡,요사군
与那城宮城,요나시로미야기
与那城屋慶名,요나시로야케나
与那城饒辺,요나시로노헨
与那嶺,요나미네
世安町,요야수마치
世田谷区,세타가야
両併,료헤이
両国,료고쿠
両津夷,룥수에비수
並木町,나미키초
並柳,나미야나기
中ノ浜,나카노하마
中一,나카이치
中一色,나카이씨키
中三,나카산
中三谷,나카미타니
中丸,나카마루
中丸町,나카마루초
中之島,나카노시마
中之庄,나카노쇼
中之町,나카노초
中之郷,나카노고
中佐津間,나카샅수마
中分,나카분
中十条,나카주조
中原町,나카하라마치
中台,나카다이
中吉田,나카요시다
中向,나카무카이
中園町,나카소노초
中堂,나카도
中央台,추오다이
中央台鹿島,추오다이카시마
中央本町,추오혼초
中央林間,추오린칸
中央西,추오니시
中央通り,추오도리
中宮,나카미야
中富,나카토미
中居,나카이
中居林,나카이바야시
中屋敷,나카야시키
中山寺,나카야마데라
中山手通,나카야마테도리
中岩,나카이와
中島通,나카지마도리
中川原,나카가와라
中川原町,나카과라초
中川町,나카가와마치
中川西,나카가와니시
中川郡,나카가와군
中州,나카수
中巨摩郡,나카코마군
中希望が丘,나카키보가오카
中才,나카사이
中新川郡,나카니이카와 군
中曽根,나카소네초
中木,나카기
中本町,나카홈마치
中村北,나카무라키타
中村南,나카무라미나미
中村東,나카무라히가시
中村松木,나카무라맡수기
中根,나카네
中沢,나카사와초
中沢町,나카사와초
中河町,나카가와초
中沼,나카누마
中泉,나카이수미
中津町,나카수마치
中津留,나캍수루
中海岸,나카카이간
中清戸,나카키요토
中田北,나카타키타
中田東,나카타히가시
中田町,나카타초
中登,나카노보리
中神,나카가미초
中神町,나카가미초
中立,나카다치
中筋,나카수지초
中筋山手,나카수지야마테
中筋町,나카수지초
中落合,나카오치아이
中葛西,나카카사이
中軽井沢,나카카릐사와
中込,나카고미
中道,나카미치
中道通,나카미치도리
中郡,나카고리
中里,나카사토
中野台,나카노다이
中野山王,나카노 산노
中野田,나카노다
中野町,나카노초
中青木,나카'아오키
中須,나카수
中須賀,나카수카초
中頭郡,나카가미군
中魚沼郡,나카오누마군
中鶴野,나캍수루노
中黒,나카구로
串良町岡崎,구시라초오카사키
丸之内,마루노치
丸山通,마루야마도리
丸岡町,마루오카
丸林,마루바야시
丸町,마루마치
丹原町,탄바라초
丹羽郡,니와군
主師町,슈시초
久井,히사이초
久保田,구보타초
久保田町,구보타초
久保町,구보초
久原,구바루
久喜北,구키키타
久場,구바
久太郎町,큐타로마치
久宝寺,큐호지
久志,구시
久我原,구가하라
久木町,히사키초
久松台,히사맡수다이
久栗坂,구구리사카
久沢,구사와
久留,히사도메
久米郡,구메군
久賀,히사카초
久賀町,히사카초
久遠郡,구도군
久野喜台,구노키다이
乗田,노리덴
乙女,오토메
乙川,오토가와
乙舳町,오또모초
乙訓郡,오토쿠니군
九品寺,구혼지
九戸郡,구노헤군
九段北,구단키타
九段南,구담미나미
九番町,큐반초
亀井野,가메이노
亀場町亀川,가메바마치카메가와
亀島,가메지마
亀川,가메카와
亀田郡,가메다군
亀谷,가메가이
二ツ井町仁鮒,후탙싀마치니부나
二ツ宮,후탙수미야
二ツ屋,후탙수야
二ツ橋町,후탙수바시초
二ノ,니노마치
二俣,후타마타
二子,후타고
二子町,후타고초
二戸郡,니노헤군
二日市北,훝수카이치키타
二木,후타키
二本木,니혼기
二条,니조
二枚橋,니마이바시
二海郡,후타미군
二見町西二見,후타미초니시후타미
二里町大里甲,니리초오사토코
五十子,이카꼬
五女子,고뇨시
五所,고쇼
五日町,잍수카마치
五智,고치
五月が丘,샅수키가오카
五月丘,샅수키가오카
五月町,샅수키초
五田,고타
五番町,고반초
五稜郭町,고료카쿠초
五軒町,고켄초
五門西,고몬니시
五香西,고코니시
井の頭,이노카시라
井ノ口,이노쿠치
井ノ口町,이노쿠치마치
井上,이노우에
井上町,이노우에마치
井出,이데
井口,이노쿠치
井土ヶ谷下町,이도가야시모마치
井揚町,이아게마치
井田,이다
井野台,이노다이
亘理郡,와타리군
京王,게이오
京町,교마치
京都市上京区,가미교 쿠
京都市下京区,시모교 쿠
京都市中京区,나카교 쿠
京都市伏見区,후시미쿠
京都市南区,미나미
京都市右京区,우쿄 쿠
京都市山科区,야마시나 쿠
京都市左京区,사쿄 쿠
京都市西京区,니시쿄 쿠
京都郡,미야코군
人形,닌교
仁保,니호
仁多郡,니타 군
仁摩町仁万,니마초니마
仁方本町,니가타혼마치
今井南町,이마이미나미초
今井町,이마이초
今任原,이마토바루
今宮,이마미야
今宿東,이마주쿠히가시
今川,이마가와
今川町,이마가와초
今市町,이마이치초
今池,이마이케초
今沢,이마사와
今泉町,이마이수미마치
今津町,이마수초
今町,이마마치
今福西,이마후쿠니시
今羽町,콘바초
今谷上町,이마야카미초
今里,이마사토
仏向町,부꼬초
仙台市太白区,다이하쿠 쿠
仙台市宮城野区,미야기노
仙台市泉区,이수미쿠
仙台市若林区,와카바야시
仙台市青葉区,아오바
仙石,센고쿠
代官山町,다이칸'야마초
代官町,다이칸초
代沢,다이사와
仲六郷,나카로쿠고
仲多度郡,나카타도군
仲宗根,나카소네
仲尾台,나카오다이
仲池上,나카이케가미
仲田,나카타
仲町,나카초
仲町台,나카마치다이
仲里,나카사토
仲間,나카마
伊予郡,이요군
伊保,이호
伊倉,이쿠라초
伊勢町,이세초
伊差川,이사가와
伊祖,이소
伊福,이후쿠초
伊興,이코
伊興本町,이코혼초
伊良皆,이람미야
伊達市,다테
伊達郡,다테군
伊都郡,이토군
伊集,이주
伏原,후시하라
伏屋町,후세야초
伏見区,후시미쿠
伝馬,템마
伯太町,하카타초
佃野町,트수쿠노초
住ノ江,수미뇌쿠
住吉宮町,수미요시미야마치
住吉本町,수미요시홈마치
住吉町,수미요시초
住用,수미요초이치
佐久間町,사쿠마
佐井寺,사이데라
佐助,사수케
佐古,사코
佐土原町下田島,사도와라초시모타지마
佐波,사바
佐波郡,사와군
佐用郡,사요군
佐田,사다
佐藤,사토
佐那具町,사나구초
佐鳴台,사나루다이
余市郡,요이치군
作才町,자쿠사이초
保免西,호멘니시
保内町,호나이초
保原町,호바라마치
保戸野中町,호도노나카마치
保戸野桜町,호도노사쿠라마치
保田,호타
保谷町,호야초
信州新町,신슈신마치
信楽町牧,시가라키초마키
信楽町長野,시가라키초나가노
信達市場,신다치이치바
信達牧野,신다치마키노
修多羅,수타라
俵屋,다와라야
倉垣,구라가키
元代々木町,모토요요기초
元和田,모토와다
元城町,모토시로초
元大工町,모토다이쿠마치
元寺町,모토테라마치
元本郷町,모토혼고초
元浜,모토하마
元総社町,모토소자마치
元郷,모토고
元麻布,모토아사부
光ケ丘,히카리가오카
光丘町,히카리가오카마치
光城,고조
光町,히카리마치
光陽台,고요다이
児島味野,고지마아지노
児湯郡,고유군
児玉郡,고다마군
入山瀬,이리야마세
入新,이리신마치
入江,이리에
入江町,이리에초
入舟町,이리후네초
入船,이리후네초
入船町,이리후네초
入谷,이리야
入間郡,이루마군
八丁,핱초
八代町,야시로초
八反,하딴
八坂,야사카
八坂町,야사카마치
八屋,하치야
八幡台,하치만다이
八幡山,하치만'야마
八幡野,야와타노
八広,야히로
八日町,요카마치
八木沢,야기사와
八木町,야기초
八本松,하치홈맡수
八橋南,야바세미나미
八田,하따
八田町,하따초
八田西町,한다니시마치
八町,핱초
八番,하치반
八百,야오
八重咲町,얘사키초
八重山郡,얘야마군
八重田,얘다초
八頭郡,야수군
公園通り,쾬도리
公園通南,쾬도리미나미
公文名,구모묘
公郷町,구고초
六ツ野,뭍수노
六万寺町,로쿠만지초
六浦,뭍수라
六浦東,뭍수우라히가시
六番,로쿠반
六軒,로껜마치
六軒町,로껜마치
共恵,도뫼
共栄大通,교에이오도리
共栄町,교에이마치
兵庫塚,효곹수카
具志,구시
兼城,가네구수쿠
兼箇段,가네카단
内中,우치나카
内免,나이멘
内原,나이하라
内山,우치야마
内本町,우치홈마치
内橋,우치하시
内牧,우치노마키
内町,우치마치
内谷,우치야
内郷綴町,우치곹수수라마치
円光,엔코
円明寺,엔묘지
冬木,후유키
冷泉町,레이센마치
出口,데구치
出口町,데구치초
出川,이데가와
出水市,이수미 시
出水郡,이수미군
出町,데마치
刀根,도네
切山,기리야마
初声町三戸,핱수세마치미토
初音町,핱수네초
別名,벹수묘
別府町,베뿌초
別府西,베후니시
別所町,베씨요초
利右衛門,리에몬
利松,도시맡수
利根郡,도네군
則武,노리타케
前原西,매바루니시
前山,매야마
前川,매가와
前川町,매카와초
前平,매히라
前田町,매다초
前町,매마치
前畑,매바타
前郷,매고
前里,매사토초
前野,매노
前野町,매노초
前開南町,젠카이미나미마치
加古郡,가코군
加島町,가지마초
加沢,가사와
加治木町,가지키 초
加神,가신
加納町,가노초
加美,가미
加美北,가미키타
加美町,가미 마치
加美郡,가미군
加茂川町,가모가와초
加茂町,가모마치
加茂郡,가모군
加藤,가토
加賀郡,가가군
助川,수케카와
勅使,초쿠시마치
勇払郡,유훝수군
勝どき,가치도키
勝俣,캍수마타
勝山北,캍수야마키타
勝山南,캍수야마미나미
勝山町,캍수야마
勝田郡,캍수타군
勝竜寺,쇼류지
勝連内間,캍수렌우치마
勝連平安名,캍수렌헨나
勝野,캍수노
勢理客,짙차쿠
勢田,세이타
勢野東,세야히가시
北の沢,기타노사와
北ノ沢,기타노사와
北上野,기타우에노
北中条,기타추조
北九州市八幡東区,야하타히가시 쿠
北九州市八幡西区,야하타니시 쿠
北九州市小倉北区,고쿠라키타 쿠
北九州市小倉南区,고쿠라미나미 쿠
北九州市戸畑区,도바타 쿠
北九州市若松区,와카맡수 쿠
北九州市門司区,모지쿠
北佐久郡,기타사쿠군
北俣,기타마타
北千束,기타센소쿠
北原,기타바루
北口,기타구치
北向,기타무키
北園,기타소노
北園町,기타소노초
北城,기타시로초
北大和,기타야마토
北大路,기타오지
北宇和郡,기타우와군
北安曇郡,기타아수미 군
北寺尾,기타테라오
北小岩,기타코이와
北小野,기타오노
北嶺町,기타미네마치
北川内,기타가와치
北平野,기타히라노
北幸,호꼬초
北斗町,호쿠토초
北新地,기타신치
北新宿,기타신주쿠
北新町,기타심마치
北春日丘,기타카수가오카
北本町,기타혼초
北杜市,호쿠토
北松浦郡,기타맡수우라군
北永井,기타나가이초
北沖洲,기타오키노수
北津守,기탙수모리
北津軽郡,기탙수가루 군
北烏山,기타카라수야마
北牟婁郡,기타무로군
北畝,기타세
北相馬郡,기타소마군
北砂,기타수나
北落合,기타오치아이
北葛城郡,기타캍수라기군
北葛西,기타카사이
北葛飾郡,기타캍수시카 군
北見団地,기타미단치
北諸県郡,기타모로카타 군
北足立郡,기타아다치군
北進町,호쿠신초
北郷,기타고
北野町,기타노초
北長狭通,기타나가사도리
北青木,기타오기
北馬込,기타마고메
十七流,주시치나가레
十三元今里,주소모토이마사토
十三東,주소히가시
十三森,주산모리
十二町,주니초
十余二,도요후타
十和田毛馬内,도와다케마나이
十文字町,주몬지마치
十日市,도카이치마치
十日市場町,도카이치바초
十番,주반
十足,도타리
十軒,주껜무라
千人町,센닌초
千代,센다이
千代田区,지요다쿠
千住旭町,센주아사히초
千住桜木,센주사쿠라기
千住河原町,센주카와라초
千住関屋町,센주세키야초
千住龍田町,센주탙수타초
千倉町,지쿠라
千厩町千厩,센마야초센마야
千同,센도
千塚,지수카
千守町,지모리초
千早,지하야
千本中,셈본나카
千歳台,지토세다이
千歳町,지토세초
千浜,지하마
千田,센다마치
千町,센초
千石,센고쿠마치
千石町,센고쿠마치
千福,센푸쿠
千種区,지쿠사쿠
千葉市稲毛区,이나게 쿠
千葉市緑区,미도리 쿠
千葉市美浜区,미하마 쿠
千葉市花見川区,하나미가와 쿠
千葉市若葉区,와카바 쿠
千里丘中,센리오카나카
千間台東,센겐다이히가시
千間台西,센겐다이니시
千防,센보
千鳥,지도리초
協和,교와
南が丘,미나미가오카
南上,미나미우에마치
南上原,미나미우에바루
南下,미나미시모무라
南中,미나미나카
南久が原,미나미쿠가하라
南五葉,미나미고요
南会津郡,미나미아이수군
南佐久郡,미나미사쿠군
南保,난보
南側,미나미가와
南八幡,미나미야와타
南六郷,미나미로쿠고
南初富,미나미핱수토미
南十番町,미나미주반초
南千住,미나미센주
南千束,미나미센소쿠
南原,미나미하라마치
南口,미나미구치
南台,미나미다이
南吉田,미나미요시다
南埼玉郡,미나미사이타마 군
南塚口町,미나밑수카구치초
南多聞台,미나미타몬다이
南大塚,미나미옽수카
南大通り,미나미오도리
南大野,미나미오노
南太田,미나미오타
南宇和郡,미나미우와군
南小岩,미나미코이와
南小阪合町,미나미코사카아이초
南山田町,미나미야마타초
南山町,미나미야마초
南島,미나미지마
南巨摩郡,미나미코마군
南平,미나미히라
南平台町,난페이다이초
南幸,미나미사이와이
南幸町,미나미사이와이초
南庄,미나미쇼
南後谷,미나미우시로야
南恵我之荘,미나미에가노쇼
南手城町,미나미테시로초
南新,미나미심마치
南新町,미나미심마치
南方,미나미가타
南木,미나기
南本町,미나미혼초
南松浦郡,미나미맡수우라 군
南松野,미나미맡수노
南林間,미나미린칸
南栄,나네이초
南武庫之荘,미나미무코노소
南池袋,미나미이케부쿠로
南沢,미나미사와
南河内郡,미나미카와치군
南泉ケ丘,미나미이수미가오카
南津軽郡,미나밑수가루 군
南湖,난고
南烏山,미나미카라수야마
南牟婁郡,미나미무로군
南田,미나미다마치
南田中,미나미타나카
南田尻,미나미타지리
南田辺,미나미타나베
南畑,미나미하타
南矢名,미나미야나
南秋田郡,미나미아키타군
南稲八妻,미나미'이나야수마
南笠,미나미가사초
南篠崎町,미나미시노사키마치
南紀寺町,미나미키데라초
南船場,미나미셈바
南花園,미나미하나소노
南荻窪,미나미오기쿠보
南落合,미나미오치아이
南観音,미나미카논
南軽井沢,미나미카릐사와
南通亀の町,미나미도리카메노초
南部町,나베초
南郷町,난고마치
南都留郡,미나밑수루군
南野,미나미노
南金目,미나미카나메
南長尾,미나미나가오
南長崎,미나미나가사키
南長野,미나미나가노
南陵町,난료초
南陽町,난'요초
南雪谷,미나미유키가야
南青山,미나미아오야마
南館,미나미다테
南馬込,미나미마고메
南高,미나미다카
南鳥旗町,미나미토리하타마치
南鳩ヶ谷,미나미하토가야
南鴻池町,미나미코노이케초
博多区,하카타
博多駅前,하카타에키매
印南町,이나미 초
印旛郡,임바군
厚岸郡,아께시군
原口,하루구치
原山,하라야마
原沢,하싸와
原田,하라다
原田通,하라다도리
厳原町久田,이수하라마치쿠타미치
友寄,도모요세
双葉郡,후타바군
反町,탄마치
取出町,도리데마치
口田,구치타
口田南,구치타미나미
口野,구치노
古前城町,고센조초
古堅,후루겐
古島,후루지마
古川南,후루카와미나미
古川町,후루카와초
古市町,후릐치초
古庄,후루쇼
古江町,후루에초
古泉,고이수미
古津,후뤁수
古船場町,후루센바마치
古謝,고자
古賀市,고가시
古里,후루사토
古間木,후루마기
古間木山,후루마기야마
只越,다다괴
台原,다이노하라
台宿,다이슈쿠
台東,다이토
台東区,다이토
台田,다이다
台町,다이마치
合生,아이오이
吉井町,요시이초
吉川町,요시카와초
吉敷町,기시키초
吉春,요시하루
吉永,요시나가
吉田郡,요시다 군
吉町,요시초
吉祥寺北町,기치조지키타마치
吉祥寺本町,기치조지혼초
吉祥寺東町,기치조지히가시초
吉祥院,기쑈인
吉竹町,요시타케마치
吉野郡,요시노군
同心町,도신초
名古屋市中区,나카
名古屋市中川区,나카가와쿠
名古屋市中村区,나카무라
名古屋市北区,기타쿠
名古屋市千種区,지쿠사쿠
名古屋市南区,미나미 쿠
名古屋市名東区,메이토 쿠
名古屋市天白区,템파쿠쿠
名古屋市守山区,모리야마 쿠
名古屋市昭和区,쇼와쿠
名古屋市東区,히가시
名古屋市港区,미나토쿠
名古屋市熱田区,앝수타 쿠
名古屋市瑞穂区,미수호쿠
名古屋市緑区,미도리 쿠
名古屋市西区,니시
名東区,메이토 쿠
名池町,메이치초
名瀬大熊,나세다이쿠마
名瀬町,나세초
名西,메이세이
名西郡,묘사이 군
名須川,나수카와
名駅,메이에키
名駅南,메이에키미나미
名高,나다카
向山東,무카이야마히가시
向山町,무카이야마초
向川原,무카이카와라
向新庄,무카이신조마치
向江,무캐
向洋町,고요초
向町,무코마치
向陽台,고요다이
吾妻通,아수마도리
吾妻郡,아같수마군
吾川郡,아가와군
呉羽町,구레하마치
周参見,수사미
周智郡,슈치군
周東町下久原,슈토마치시모쿠바라
味間,아지마
呼子町殿ノ浦,요부코초토노노우라
和久,와구
和仁,와니
和地山,와지야마
和庄,와쇼
和気郡,와케군
和泉市,이수미 시
和泉本町,이수미혼초
和泉町,이수미마치
和田町,와다초
和田町海発,와다초카이홑수
和白東,와지로히가시
和食,와지키
品川区,시나가와
品川町,시나가와초
員弁郡東員町,도인 초
唐原,도바루
唐国町,가라쿠니초
問屋町,도이야마치
善行,젠교
善部町,젠부초
喜入,기이레
喜名,기나
喜多,기타초
喜多町,기타초
喜多郡,기타
喜屋武,기얀
喜沢,기사와
喜舎場,기샤바
喜連西,기레니시
嘉山,가야마
嘉数,가카수
嘉間良,가마라
四日町,요까마치
四条,시조
四番町,욘반초
四軒家,시켄'야
四郷,요고
因原,인바라
因島土生町,인노시마하부초
図師,주시
国分南,고쿠부미나미
国分寺台,고쿠분지다이
国分町,고쿠분초
国場,고쿠바
国府台,고노다이
国府宮,고노미야
国府新宿,고쿠후신주쿠
国府本郷,고쿠후혼고
国府町,고초
国東町田深,구니사키마치타부카
国母,고쿠보
国玉通,구니타마도리
国領町,고쿠료초
国頭郡,구니가미군
国香通,구니카도리
園原,소노하라초
園田町,소노다초
園町,소노마치
土取,트수치토리마치
土屋,트수치야
土崎港中央,트수치사키미나토추오
土崎港南,트수치사키미나토미나미
土手,도테
土手内,도트치
土樋,트수치토이
土橋,트수치하시
土生町,하부초
土田,한다
在家,자이케초
地下,지게
地蔵,지소
坂ノ下,사카노시타
坂上,사카가미
坂下町,사카시타마치
坂井,사카이초
坂井市,사카이시
坂井町,사카이초
坂元,사카모토
坂田,사카다
坊島,보시마
坪生町,트수보초
垂水町,다루미초
垣内,가키우치
垣生,하부
城ケ丘,조가오카
城内,조나이
城内町,조나이초
城北町,조호쿠마치
城南町,조남마치
城堀,시로호리
城山町,시로야마초
城崎町,기노사키
城本町,시로모토마치
城東中央,조토추오
城町,시로마치
城西町,시로니시마치
城見町,시로미초
城辺,조헨
城間,조마초
埴生,하부
埴科郡,하니시나군
堀内,호리나이
堀口,호이구치
堀崎町,호리사키초
堀川小泉町,호리카와코이수미초
堀替,호리캐
堀端,호리바타
堀越,호리코시
堀込,호리고메
堂ケ芝,도가시바
堂山,도야마
堤下,트숱수미시타
堤根,트숱수미네
堤町,트숱수미마치
堰場,세키바
堺区,사카이 쿠
堺市中区,나카
堺市北区,기타쿠
堺市南区,미나미
堺市堺区,사카이 쿠
堺市東区,히가시 쿠
堺町,사카이마치
塔原東,도노하루히가시
塔野,도노
塚原,트수카노하루
塚本,트수카모토
塚本通,트수카모토도리
塚田,트수카다
塚脇,트수카와키
塚越,트수카고시
塩井,시오이
塩屋北町,시오야키타마치
塩浜町,시오하마초
塩田,시오타
塩谷郡,시오야군
塩野,시요노
境之谷,사카이노타니
境南町,교난초
境島村,사카이시마무라
境木町,사카이기초
境谷,사카이다니
増尾,마수오
増永,마수나가
増田,마수다
墨田区,수미다
壱町田,잍초다
夏見,낱수미
夕張郡,유바리군
夕葉町,유바초
外山,소토야마
外川,소토카와
外旭川,소토아사히카와
外神田,소토칸다
多久町,다쿠마치
多井,오이
多伎町久村,다키초쿠무라
多奈川谷川,다나가와타니가와
多布施,다후세
多気郡,다키군
多治米町,다지메초
多田,다다
多田桜木,다다사쿠라기
多磨町,다마초
多聞台,다몬다이
大下,오시타
大中,오나카
大串,오구시
大久保北,오쿠보키타
大久保町,오쿠보초
大久保町大窪,오쿠보초오쿠보
大久保町江井島,오쿠보초에이가시마
大京町,다이쿄초
大今里,오이마사토
大今里南,오이마사토미나미
大今里西,오이마사토니시
大住,오수미
大佐志町,오사시초
大利,오리
大利根,오토네마치
大利根町,오토네마치
大北,오키타
大南,오미나미
大原台,오하라다이
大原町,오하라초
大原野,오하라노
大口通,오구치도리
大口里,오구치사토
大和南,야마토미나미
大和田,오와다
大和田町,오와다마치
大和西,다이와니시
大堀,오보리
大堂,우후도
大塚町,옽수카초
大塚西,오수카니시
大塩,오시오
大塩町,오시오초
大宝,다이호
大宮町,오미야초
大小路,오쇼지
大屋敷,오야시키
大岡丙,오오카헤이
大岩本,오이와모토
大島町,오시마
大島郡,오시마군
大崎台,오사키다이
大川内,오카와치
大川内町丙,오카와치초헤이
大川原,오카와라
大川町,오카와초
大工町,다이쿠마치
大師町,다이시마치
大平町,오히라마치
大戸,오토
大手,오테마치
大手町,오테마치
大日,다이니치초
大曽根,오소네
大村町,오무라마치
大東町,다이토초
大東町大東,다이토초다이토
大林,오바야시
大枝,외다
大柳,다이나기
大根,다이네
大森北,오모리키타
大森町,오모리초
大槻町,옽수키마치
大横町,오요코초
大樹町,다이키 초
大橋,오하시초
大橋町,오하시초
大正町,다이쇼초
大沼町,오누마초
大沼郡,오누마군
大泉学園町,오이수미가쿠엔초
大津町木津野,옽수초키수노
大浜町,오하마마치
大浦町,오우라초
大淵,오부치
大清水,오쇼수
大滝町,오다키초
大潟町,오가타초
大牟礼,오무레
大王,다이오
大田区,오타쿠
大田町,오타초
大田町大田,오다초오다
大町西,오마치니시
大畑,오하타
大畑町,오하타마치
大畔,오구로
大矢沢,오야사와
大祝,오이와이
大福,다이후쿠
大紀町,다이키 초
大美野,오미노
大膳,다이센
大街道北,오카이도키타
大袋,오부쿠로
大西,오니시
大謝名,오자나
大谷,오야
大谷口,오타니구치
大谷場,오야바
大谷町,오타니초
大輪田,오와다
大通,오도리
大通南,오도리미나미
大道町,다이도초
大里郡,오사토군
大野原,오노하라
大鋸,다이기리
大門,다이몬초
大門町,다이몬초
大開,오히라키
大間々町大間々,오마마초오마마
大阪市住之江区,수미뇌 쿠
大阪市住吉区,수미요시쿠
大阪市北区,기타쿠
大阪市城東区,조토쿠
大阪市大正区,다이쇼쿠
大阪市天王寺区,텐노지쿠
大阪市平野区,히라노 쿠
大阪市旭区,아사히 쿠
大阪市東住吉区,히가시수미요시쿠
大阪市東成区,히가시나리 쿠
大阪市東淀川区,히가시요다가와쿠
大阪市此花区,고노하나쿠
大阪市浪速区,나니와 쿠
大阪市淀川区,요도가와 쿠
大阪市港区,미나토쿠
大阪市生野区,이쿠노쿠
大阪市福島区,후쿠시마 쿠
大阪市西成区,니시나리쿠
大阪市西淀川区,니시요도가와 쿠
大阪市都島区,미야코지마쿠
大阪市阿倍野区,아베노쿠
大阪市鶴見区,트수루미쿠
大須,오수
大領,다이료
大領町,다이료마치
大飯郡,오이군
大黒町,다이코쿠초
天久,아메쿠
天久保,아마쿠보
天塩郡,데시오 군
天文町,템몬초
天沼町,아마누마초
天王,텐노초
天王町,텐노초
天神ノ森,텐진노모리
天神山町,텐지냐마초
天神沢,텐진사와
天草町大江,아마쿠사마치외
天草郡,아마쿠사 군
天野が原町,아마노가하라초
天願,텐간
太刀,다치
太子堂,다이시도
太子橋,다이시바시
太子町,다이시
太寺,다이데라
太平寺,다이헤이지
太郎丸,다로마루
太陽,다이요
夷隅郡,이수미군
奈摩,나마
奈留町浦,나루마치우라
奈良屋町,나라야마치
奈良橋,나라하시
奈良町,나라초
奈良輪,나라와
奥浦,오쿠우라
妙楽寺,묘라쿠지
妙法寺,묘호지
妹尾,세노'오
妻田北,트수마다키타
姉崎,아네사키
姪の浜,메이노하마
姫川,히메카와
子安台,고야수다이
子安町,고야수마치
学が丘,마나비가오카
学園台,가쿠엔다이
学園町,가쿠엔초
学校町,가꼬초
宇出津,우싵수
宇津野,웉수노
宇田川町,우다가와초
宇茂佐,우무사
宇野,우노초
守恒,모맅수네
守恒本町,모맅수네혼마치
守護町,슈고마치
安久,야수히사
安井,야싀
安土町,아수치마치
安岡町,야수오카초
安慶田,아게다
安来町,야수기초
安東,안도
安永,야수나가
安浦町,야수우라초
安満,아마
安立,안류
安芸津町三津,아킽수초밑수
安芸郡,아키 군
安行原,안교하라
安西,안사이
安谷屋,아다니야
安部,아베
宍喰浦,시시킈우라
宗方,무나카타
宝亀町,호키초
宝来,호라이초
宝来町,호라이초
宝梅,호바이
宝町,다카라마치
実籾,미모미
室山,무로야마
室根町折壁,무로네초오리카베
室田,무로타
室積新開,무로수미신카이
室見,무로미
宮の,미야노마치
宮の森,미야노모리
宮の沢,미야노사와
宮の町,미야노마치
宮ノ,미야노초
宮ノ上,미야노우에
宮下,미야시타
宮下本町,미야시모혼초
宮下町,미야시타초
宮中,큐추
宮之下,미야노시타
宮之阪,미야노사카
宮元町,미야모토초
宮内町,미야우치
宮前,미야매초
宮原町,미야하라초
宮原町新町,미야하라초신마치
宮司,미야지
宮司浜,미야지하마
宮坂,미야사카
宮城郡,미야기 군
宮城野区,미야기노
宮山町,미야야마초
宮崎町,미야사키초
宮川町,미야가와초
宮本,미야모토초
宮本町,미야모토초
宮東,미야히가시
宮永,미야나가
宮沖,미야오키
宮浜,미야하마
宮浦,미야우라
宮田町,미야타초
宮町,미야마치
宮竹,미야타케
宮脇,미야와키
宮西,미야니시
宮谷,미야얕수
宮野,미야노
宮野下,미야노시모
宮野木台,미야노기다이
富丘,도미오카
富原,도미하라
富吉,도미요시
富塚町,도밑수카초
富士見が丘,후지미가오카
富来地頭町,도기지토마치
富松町,도맡수초
富江町富江,도미에마치토미에
富浜,도미하마
富田町,도미타마치
富盛,도모리
寒沢町,칸사와초
寺井,데라이
寺前,데라매초
寺台,데라다이
寺家,지케
寺尾中,데라오나카
寺尾北,데라오키타
寺尾西,데라오니시
寺島,데라지마
寺戸,데라도
寺池町,데라이케초
寺沢,데라사와
寺津,데라수
寺田,데라다초
寺田町,데라다초
寺町,데라마치
寺門,데라카도초
寿町,고토부키초
寿美,수미
寿都郡,숱트수군
将監,쇼겐
小中島,고나카지마
小串郷,오구시고
小久保,고쿠보
小久喜,고구키
小仙波,고센바
小仲台,고나카다이
小佐々町矢岳,고사사초야다케
小佐々町臼ノ浦,고사사초우수노우라
小保,고보
小倉町,오구라초
小国町,오구니 마치
小園南,고소노미나미
小垣内,오가이토
小城町,오기마치
小室,고무로
小宮,고미야
小寺町,고데라초
小屋,고야
小屋場,고야바
小島,오시마
小川西,오가와니시
小張木,고바리노키
小戸,오베
小曽根,고소네초
小束山本町,고수카야마홈마치
小松島町,고맡수시마초
小松町,고맡수초
小柳,고야나기
小栗,오구리
小栗山,고구리야마
小栗栖,오구리수
小根本,고네모토
小森,고모리
小池,고이케
小河内,고고치
小泉,고이수미
小波津,고핱수
小浦,고우라
小深,고부카
小深作,고후카사쿠
小渕,고부치
小瀬町,오세초
小田,오다초
小田町,오다초
小田郡,오다군
小町通,고마치도리
小畑,오바타
小立野,고닽수노
小笹,오사사
小絹,고키누
小芝,고시바
小花,오바나
小若江,고와캐
小茂根,고모네
小谷堀,고야보리
小谷場,고야바
小谷田,고야타
小豆郡,쇼수군
小豆餅,아수키모치
小路東,쇼지히가시
小郡下郷,오고리시모고
小野原東,오노하라히가시
小野新町,오노니이마치
小金台,고가네다이
小針西,고바리니시
小阪本町,고사카홈마치
小青田,고아오타
小鳥町,오도리마치
小鶴,고수루
小黒,오구로
尻引前山,시리비키매야마
尻高,시따카
尼子,아마고
尾ノ上,오노우에
尾上町,오뇌초
尾崎町,오사키초
尾津町,오수마치
尾高,오다카
屋中,야나카
屋形原,야카타바루
屋敷,야시키
屋良,야라
山の井,야마노이
山の田本町,야마노타혼마치
山ノ井,야마노이
山ノ神,야마노카미
山上,야마가미
山下町,야마시타초
山中町,야마나카초
山内,야마우치
山宮,야마미야
山寺,야마데라마치
山居町,산쿄마치
山屋,야마야
山岸,야마기시
山崎町,야마사키초
山本町,야마모토초
山本通,야마모토도리
山根,야마네
山武郡,삼부군
山王,산노초
山王町,산노초
山畑,야마타케
山県市,야마가타 시
山脇,야마와키
山谷町,야마야초
山路,야마지
山道,야마미치
山里,야마사토
山門,산몬초
岐宿町岐宿,기시쿠마치키시쿠
岐宿町川原,기시쿠마치카와라
岡三沢,오카미사와
岡宮,오카노미야
岡山市中区,나카쿠
岡山市北区,기타쿠
岡山市南区,미나미쿠
岡山市東区,히가시쿠
岡本町,오카모토초
岡田,오카다
岡田町,오카다마치
岡町,오카초
岩の上町,이와노우에초
岩下,이와시타
岩井川,이와이카와
岩内郡,이와나이군
岩名,이와나
岩園町,이와소노초
岩屋中町,이와야나카마치
岩屋町,이와야초
岩崎,이와사키
岩崎町,이와사키초
岩戸,이와토초
岩戸南,이와도미나미
岩手郡,이와테군
岩月宝ヶ沢,이왙수키타카라가사와
岩木,이와키초
岩沢,이와사와
岩波,이와나미
岩渕,이와부치
岩瀬郡,이와세군
岩田,이와타초
岩田町,이와타초
岩美郡,이와미군
岩間町,이와마초
岬町,미사키초
岬町椎木,미사키초시이기
岸地通,기시치도리
岸本,기시모토
岸里東,기시노사토히가시
峯町,미네초
島上,시마가미초
島尻,시마지리
島尻郡,시마지리군
島町,시마마치
島間,시마마
島頭,시마가시라
崎山,사키야마
川上郡,가와카미군
川中本町,가와나카혼마치
川久保,가와쿠보
川之江町,가와뇌초
川井,가와이
川原,가와하라초
川台,가와다이
川合,가와이
川向,가와무카이
川和町,가와와초
川島本町,가와시마혼마치
川崎区,가와사키 쿠
川崎市中原区,나카하라 쿠
川崎市多摩区,다마 쿠
川崎市宮前区,미야매 쿠
川崎市幸区,사이와이 쿠
川崎市高津区,다캍수
川戸,가와토
川東,가와히가시
川沿,가와쇠초
川添,가와쇠
川瀬,가와세
川端,가와바타
川端町,가와바타초
川辺郡,가와베군
川部,가와베
川除,가와요케
川面,가와수라
巽南,탙수미미나미
巽東,탙수미히가시
市坪北,이칱수보키타
市場,이치바
市場南,이치바미나미
市場町,이치바초
市姫,이치히메
市岡,이치오카
市川大門,이치카와다이몬
市谷砂土原町,이치가야사도하라초
市道町,이치미치초
布市町,누노이치초
布施新町,후세심마치
布橋,누노하시
布瀬町,누노세마치
布田,후타
帝塚山西,데수카야마니시
帷子,가타비라초
常光寺,조코지
常呂郡,도코로군
常楽,조라쿠
常盤,도키와마치
常盤平,도키와다이라
常盤平西窪町,도키와다이라니시쿠보초
常盤町,도키와마치
常磐湯本町,조반유모토마치
幕山台,마쿠야마다이
幕張町,마쿠하리초
平中,다이나카
平井,히라이
平和,헤이와 추오쿠
平和町,헤이와초
平垣町,헤이가키초
平子,히라코
平安町,헤이안초
平山,히라야마
平山町,히라야마마치
平岡町,히라오카초
平方,히라카타
平東,히라히가시
平松,히라맡수
平松町,히라맡수마치
平畑,히바타케
平舘,다이라다테
平蔵,헤이소
平賀,히라가
平野宮町,히라노미야마치
平野東,히라노히가시
平鹿町浅舞,히라카마치아사마이
幸地,고치
幾久富,기쿠도미
広大新開,히로오신가이
広尾郡,히로오군
広岡,히로오카
広島市佐伯区,새키쿠
広島市安佐北区,아사키타 쿠
広島市安芸区,아키쿠
広島市東区,히가시쿠
広戸,히로토
広瀬台,히로세다이
広瀬東,히로세히가시
広瀬町,히로세초
広瀬町広瀬,히로세초히로세
広町,히로마치
広石,히로이시
広野町,히로노초
広面,히로오모테
庄山町,쇼야마초
庄町,쇼마치
庄西町,쇼세이마치
府中市,후추
府内,후나이
府金,후가네
度会郡,와타라이군
座喜味,자키미
庭代台,니와시로다이
庭瀬,니와세
庵治町,오지초
弁天,벤텐초
弁天町,벤텐초
弁財,벤사이
弓木,유미노키초
引土,히킽수치
引田,히키다
弥栄,얘이
弥生町,야요이초
強首,고와쿠비
彦島本村町,히코시마혼무라초
彦島江の浦町,히코시마에노우라초
彩都あさぎ,사이토아사기
後原,고시하라
後楽,고라쿠
後田,우시로다
後野,우시로노
徒之町,가치노마치
御井,미이마치
御井町,미이마치
御供所町,고쿠쇼마치
御厨町里免,미쿠리야초사토멘
御崎,미사키초
御廟,고뵤
御影中町,미카게나카마치
御影本町,미카게홈마치
御影郡家,미카게군게
御成町,오나리마치
御所山町,고쇼야마초
御料,고료
御殿,고텐초
御殿山,고테냐마
御殿町,고텐초
御立東,미타치히가시
御経,오쿄마치
御荘平城,미쇼히라조
御蔵,미쿠라
御門町,미카도초
御陵,고료
御領,고료
徳万,도쿠만
徳倉,도쿠라
徳吉西,도쿠요시니시
徳川,도쿠가와
徳永,도쿠나가
志津川,미나미산리쿠
志茂,시모
志越,시쾨
忠岡東,다다오카히가시
忠海床浦,다다노우미토코노우라
恩名,온나
恩智中町,온지나카마치
恵子,에코
恵比寿,에비수
恵比寿南,에비수미나미
恵比寿西,에비수니시
恵美坂,에미사카
恵美須西,에비수니시
惣慶,소케이
惣領,소료
愛住町,아이수미초
愛国東,아이코쿠히가시
愛子東,아야시히가시
愛甲郡,아이코군
愛知郡,아이치군
愛野町,아이노
感田,간다
成島,나루시마마치
成東町,나루토
成田東,나리타히가시
成育,세이이쿠
我孫子東,아비코히가시
我孫子西,아비코니시
戸出町,도이데마치
戸切,도기리
戸塚東,도수카히가시
戸塚町,톹수카 초
戸崎,도사키
戸崎通,도사키도리
戸張,도바리
戸毛,도게
戸越,도고시
戸部町,도베초
戸頭,도가시라
扇ガ谷,오기가얕수
手々,데테
手形,데가타
手形からみでん,데가타카라미덴
才木,사이기
打出,우치다시
打瀬,우타세
打越,우치코시
打越町,우치고시마치
払川,하라이가와
折戸,오리도
折戸町,오리토마치
押上,오시아게
拓北,다쿠호쿠
拾六町,주로쿠초
持田,모치다마치
持田町,모치다마치
振内町,후레나이초
揖保郡,이보군
揖斐郡,이비군
搦手,가라무테
撫養町南浜,무야초미나미하마
散田町,산다마치
敷地,시키지
敷島町,시키시마초
敷津東,시킽수히가시
敷津西,시킽수니시
文の里,후미노사토
文京区,분쿄쿠
文京町,분쿄초
文教,분쿄초
文蔵,부소
斐川町,히카와초
斜里郡,샤리군
新丸子東,신마루코히가시
新丸子町,신마루코마치
新久,신히사
新井田,니이다
新井町,아라이초
新作,신사쿠
新保町,신보초
新倉,신쿠라
新光,신코초
新光町,신코초
新冠郡,니이카뿌군
新北野,신키타노
新千葉,신치바
新和,시놔
新在家,신사이케
新堀,니이호리
新大江,신'외
新宮町新宮,신구초신구
新家町,니노미초
新宿町,신주쿠초
新寺,신테라
新小路町,신코지마치
新屋南浜町,아라야미나미하마마치
新屋敷,신'야시키
新屋表町,아라야오모테마치
新川町,신카와초
新川通,신카와도리
新庄町,신조마치
新御堂,신'온도
新曽,니이소
新曽南,니이소미나미
新木野,아라키노
新本,신본
新松戸南,신맡수도미나미
新栄町,신'에이초
新橋町,신바시초
新江,신'에
新治町,니이하루초
新清光台,신세이코다이
新潟市中央区,추오 쿠
新潟市北区,기타 쿠
新潟市南区,미나미
新潟市東,히가시 쿠
新潟市東区,히가시 쿠
新潟市江南区,고난 쿠
新潟市秋葉区,아키하 쿠
新潟市西区,니시
新潟市西蒲区,니시칸 쿠
新牧,신마키
新生,신세이초
新生町,신세이초
新田町,신덴초
新石川,신'이시카와
新稲,니이나
新立岩,신타테이와
新荘,신소
新蒲田,신카마타
新谷,아라야
新通,신토리
新開,신카이
新開地,신카이치
新須賀町,신수카초
新館,니이다테
新高根,신타카네
旅石,다비이시
旅篭町,하타고마치
旗塚通,하탙수카도리
日ノ出町,히노데초
日吉本町,히요시혼초
日吉町,히요시초
日和田,히와다
日山,히야마
日影,히카게
日方,히카타
日暮通,히구레도리
日本堤,니혼숱수미
日本大通,니혼'오도리
日本橋横山町,니혼바시요코야마초
日本橋浜町,니혼바시하마초
日本橋箱崎町,니혼바시하코사키초
日本橋蛎殻町,니혼바시카키가라초
日東,니또
日置荘西町,히키쇼니시마치
日進町,니씬초
日野田町,히노다마치
日野町,히노초
日野郡,히노 군
日限山,히기리야마
日高町,히다카 초
日高郡,히다카군
早宮,하야미야
早水,소미
早稲田鶴巻町,와세닽수루마키초
旭町,켐부치
昌平町東通,쇼헤이초히가시도리
明原,아케하라
明和町,메이와마치
明徳町,메이토쿠마치
明月,메이겥수
明治町,메이지초
明石町,아카시초
明神町,묘진초
星が丘,호시가오카
星の宮,호시노미야
星丘,호시가오카
星井町,호시이초
星和台,세이와다이
星塚町,호시수카초
星川,호시카와
星陵台,세이료다이
春光,슌코초
春光町,슌코초
春吉,하루요시
春山,하루야마
春日出中,가수가데나카
春日台,가수가다이
春日新田,가수가신덴
春日町,가수가초
春木,하루키초
春江町,하루에초
春江町中筋,하루에초나카수지
春田,하루타
春町,하루마치
昭和南,쇼와미나미
昭和通,쇼와도리
曙町,아케보노마치
曲本,마가모토
曲松,마가리맡수
曲渕,마가리후치
曲田,마가타
曽屋,소야
曽我,소가
曽根町,소네초
曽根郷,소네고
最上郡,모가미군
月岡,트수키오카
月崎,트수키사키
月浦,트수키노우라
月見町,트수키미초
月隈,트수키구마
有明町,아리아케마치
有明町上津浦,아리아케마치콭수우라
有本,아리모토
有楽町,유라쿠초
有浦,아리우라
有田郡,아리다군
有福郷,아리후쿠고
有野中町,아리노나카마치
有野町唐櫃,아리노초카라토
朝日ヶ丘,아사히가오카
朝日町,아사히
朝霧,아사기리
木ノ本,기노모토
木ヶ津町,기같수초
木下,기노시타
木之本町,기노모토초
木原町,기하라초
木場町,기바초
木売,기우리
木崎,기사키
木川東,기카와히가시
木曽東,기소히가시
木曽郡,기소군
木月,기수키
木村,기무라
木田,기다
木田町,기다초
木田郡,기타군
木町,기마치
木部町,기베초
木間塚,기맡수카
木風町,기카세초
末広,수에히로
末広町,수에히로초
本中山,모토나카야마
本丸,혼마루
本北方,모토키타카타
本吉郡,모토요시 군
本城,혼조
本堅田,혼카타타
本塩,혼시오
本多聞,혼타몬
本大久保,모토오쿠보
本太,모토부토
本宮町,혼구초
本宿,혼주쿠초
本巣郡,모토수군
本庄東,혼조히가시
本庄町,혼조초
本庄町中,혼조초나카
本新町,모토신마치
本木,모토키
本木南町,모토키미나미마치
本村,혼무라
本江,혼고마치
本牧大里町,혼모쿠오사토초
本田町,혼덴초
本町西,혼마치니시
本通,혼도리
本郷北,혼고키타
本郷南,혼고미나미
本郷町,혼고초
本野,모토노
本駒込,혼코마고메
本鵠沼,혼쿠게누마
札幌市中央区,추오 쿠
札幌市北区,기타 쿠
札幌市南区,미나미
札幌市厚別区,앝수벹수 쿠
札幌市手稲区,데이네쿠
札幌市清田区,기요타 쿠
札幌市白石区,시로이시 쿠
札幌市西区,니시 쿠
札幌市豊平区,도요히라쿠
朱雀,수사쿠
朽網東,구사미히가시
杉並区,수기나미쿠
杉塚,수기수카
杉崎町,수기사키초
杉平,수기노히라
杉村,수기무라
杉谷,수기야
材木町,자이모쿠초
村元,무라모토
村吉,무라요시
村松町,무라맡수마치
村雨町,무라사메초
東七松町,히가시나나맡수초
東三国,히가시미쿠니
東三条,히가시산조
東三輪,히가시미와
東上町,아수마카미초
東上野,히가시우에노
東中島,히가시나카지마
東中新宿,히가시나카신주쿠
東久保町,히가시쿠보초
東九条,도쿠조초
東京都中央区,추오
東今里,히가시이마사토
東仲,히가시나카초
東伯郡,도하쿠군
東保木間,히가시호키마
東倉治,히가시쿠라지
東光台,도코다이
東光町,도코초
東公園,히가시쾬
東内,히가시우치
東分,히가시분
東初富,히가시핱수토미
東別,히가시베후
東十三番町,히가시주산반초
東原,히가시하라
東原町,히가시하라마치
東古市,히가시후릐치
東向島,히가시무코지마
東和泉,히가시이수미
東和田,히가시와다
東和町安俵,도와초아효
東和町米川,도와초요네카와
東和町錦織,도와초니시키오리
東品川,히가시시나가와
東四つ木,히가시욭수기
東国分寺台,히가시코쿠분지다이
東坂下,히가시사카시타
東城町東城,도조초토조
東墨田,히가시수미다
東大井,히가시오이
東大和田,히가시오와다
東大成町,히가시오나리초
東大池,히가시오이케
東大沢,히가시오사와
東大泉,히가시오이수미
東大野,히가시오노
東太田,히가시오다
東宿,히가시슈쿠
東富岡,히가시토미오카
東寺尾,히가시테라오
東寺尾中台,히가시테라오나카다이
東小岩,히가시코이와
東小川,히가시코가와
東小松川,히가시코맡수가와
東小橋,히가시오바세
東尻池町,히가시시리이케초
東尾久,히가시오구
東山本新町,히가시야마모토심마치
東山本町,히가시야마모토초
東山田町,히가시야마타초
東山町長坂,히가시야마초나가사카
東岩崎,히가시이와사키
東幸町,히가시사이와이마치
東彼杵郡,히가시소니기군
東心斎橋,히가시신사이바시
東成区,히가시나리 쿠
東我孫子,히가시아비코
東所沢和田,히가시토코로사와와다
東新井,히가시아라이
東新小岩,히가시신코이와
東新町,도신초
東日暮里,히가시니뽀리
東有馬,히가시아리마
東朝日町,히가시아사히마치
東本,히가시혼초
東本町,히가시혼초
東本荘,히가시혼조
東本郷,히가시혼고
東村山郡,히가시무라야마군
東林間,히가시린칸
東柏,히가시카시와
東柳,히가시야나기
東桜,히가시사쿠라
東比恵,히가시히에
東水,히가시미수마치
東江,아가리에
東江前,아가리에매
東池袋,히가시이케부쿠로
東沢,히가시사와
東油山,히가시아부라야마
東津,히가싵수
東津軽郡,히가싵수가루군
東浅草,히가시아사쿠사
東浜,히가시하마
東浜町,히가시하마마치
東海岸北,히가시카이간키타
東海岸南,히가시카이간미나미
東淡路,히가시아와지
東深井,히가시후카이
東淵野辺,히가시후치노베
東牟婁郡,히가시무로군
東田町,히가시다초
東白川郡,히가시시라카와군
東百合丘,히가시유리가오카
東矢口,히가시야구치
東石井,히가시이시이
東石切町,히가시이시키리초
東石川,히가시이시카와
東神田,히가시칸다
東神田町,히가시칸다초
東福原,히가시후쿠바라
東立石,히가시타테이시
東粉浜,히가시코하마
東綾瀬,히가시아야세
東置賜郡,히가시오키타마군
東羽衣,히가시하고로모
東習志野,히가시나라시노
東茨城郡,히가시이바라키군
東草,도소
東葛西,히가시카사이
東諸県郡,히가시모로카타 군
東谷山,히가시타니야마
東野,히가시노
東野添,히가시노쇠
東野田町,히가시노다마치
東金町,히가시카나마치
東鉄町,히가시텥수마치
東長沼,히가시나가누마
東門前,히가시몬센
東門司,히가시모지
東陽,도요
東難波町,히가시나니와초
東雪谷,히가시유키가야
東雲,시노노메초
東雲町,시노노메초
東香里,히가시코리
松が丘,맡수가오카
松が岬,맡수가사키
松が谷,맡수가야
松ケ丘,맡수가오카
松ノ木,맡수노키
松並,맡수나미
松之浜町,맡수노하마초
松井田町松井田,맡싀다마치맡싀다
松代町,맡수다이마치
松元,맡수모토
松前町,마사키
松前郡,맡수매군
松原町,맡수바라초
松園町,맡수소노초
松城,맡수시로
松塚,맡수수카
松尾町,맡수오마치
松山町,맡수야마초
松庵,쇼안
松影町,맡수카게초
松本町,맡수모토초
松江町,맡수에마치
松波,맡수나미
松濤,쇼토
松田惣領,맡수다소료
松葉,맡수바
松葉町,맡수바초
松長,맡수나가
松陰町,맡수카게초
松隈,맡수구마
松風町,맡수카세초
松香台,맡수카다이
板野郡,이타노군
林寺,하야시지
林町,하야시초
枝幸町,에사시
枝幸郡,에사시 군
柏井,가시와이마치
柏井町,가시와이마치
柏倉,가시와쿠라
柏木町,가시와기초
柏町,가시와초
柏陽,하쿠요초
染地,소메치
柚木町,유노키초
柞原,호소하라
柳井田町,야나이다초
柳原,야나기하라
柳原町,야나기하라마치
柳崎,야나가사키마치
柳川町,야나가와초
柳新田,야나기신덴
柳根町,야나네초
柳橋,야나기바시
柳瀬,야나세
柳町,야나기마치
柴垣,시바가키
柴崎台,시바사키다이
柴崎町,시바사키초
柴田郡,시바타군
柴町,시바초
柿の木台,가키노키다이
柿の木坂,가키노키사카
柿木,가키노키
柿木町,가키노키초
栄区,사캐 쿠
栄町西,사캐초니시
栄通,사캐도리
栄野比,에노비
栗坪,구맅수보
栗木,구리기
栗木台,구리기다이
栗田谷,구리타야
根城,네조
根小屋,네고야
根岸,네기시
根岸町,네기시초
桂木,캍수라기
桃井,모모노이초
桃原,도바루
桃山台,모모야마다이
桃山町,모모야마초
桃里,모모사토
桐畑,기리바타케
桑原町,구와바라마치
桑崎,가사키
桑江,구왜
桔梗野,기쿄노
桜が丘中町,사쿠라가오카나카마치
桜ガ丘,사쿠라가오카
桜丘,사쿠라오카
桜丘町,사쿠라가오카초
桜井町,사쿠라이초
桜口町,사쿠라구치초
桜坂,사쿠라사카
桜塚,사쿠라수카
桜山町,사쿠라야마마치
桜岡,사쿠라오카
桜新,사쿠라신마치
桜木町,사쿠라기초
桜森,사쿠라모리
桜沢,사쿠라사와
桜田,사쿠라다
桜田東,사쿠라다히가시
桧原,히바루
桴海,후카이
梁川町,야나가와초
梅ケ香町,우메가카초
梅ノ木,우메노키
梅光園,바이쾬
梅南,바이난
梅原,우메하라
梅園,우메소노
梅島,우메지마
梅本,우메모토
梅田町,우메다마치
梅町,우메마치
梶野町,가지노초
棚原,다나하라
森が丘,모리가오카
森下町,모리시타마치
森島,모리지마
森本,모리모토초
森本町,모리모토초
森田,모리타초
森町,모리초
森野,모리노
椋野町,무쿠노초
植松町,우에맡수초
植竹,우에타케초
椎木町,시이노키초
楚辺,소베
楠丘町,구수가오카초
楠公,난고
楠木,구수노키초
楠木町,구수노키초
楠町,구수노키마치
極楽寺,고쿠라쿠지초
楽田,라쿠타
楽町,라쿠마치
榎井,에나이
榎戸,에노키도
榎町,에노키마치
榛原萩原,하이바라하기하라
榛原郡,하이바라군
槇塚台,마키수카다이
槇尾,마키오
樋ノ口町,히노쿠치초
標津郡,시벹수군
権現,곤겐초
権現堂,곤겐도
権現町,곤겐초
横井,요코이
横内,요코우치
横堤,요코숱수미
横山町,요코야마초
横峰,요코미네
横川,요코가와초
横林,요코바야시
横森,요코모리
横浜市中区,나카 쿠
横浜市南区,미나미 쿠
横浜市戸塚区,톹수카 쿠
横浜市旭区,아사히 쿠
横浜市栄区,사캐 쿠
横浜市泉区,이수미
横浜市港北区,고호쿠쿠
横浜市港南区,고난
横浜市瀬谷区,세야 쿠
横浜市磯子区,이소고 쿠
横浜市神奈川区,가나가와
横浜市緑区,미도리 쿠
横浜市西区,니시 쿠
横浜市都筑区,트수수키 쿠
横浜市金沢区,가나사와
横浜市青葉区,아오바
横浜市鶴見区,트수루미 쿠
横町,요코마치
横谷,요코타니
横野,요코노초
樫野,가시노
樺山,가바야마
樺戸郡,가바토군
樽井,다릐
樽味,다루미
橋の内,하시노치
橋場,하시바
橋本町,하시모토마치
橋爪,하시수메
橋西,교세이
橘町,다치바나초
橘通,다치바나도리
檜尾,히노오
檜山,히야마
檜山郡,히야마군
次屋,트수기야
歌舞伎町,가부키초
正手,쇼테
正明寺,쇼메이지
正木,마사키
正雀本町,쇼자쿠홈마치
此花,고노하나쿠
段上町,단조초
殿町,도노마치
比企郡,히키군
毘沙門,비샤몬
毛利,모리
毛利台,모리다이
毛馬町,게마초
水前寺,싀센지
水前寺公園,싀센지쾬
水口町,미나구치초
水呑,미수노미
水尻,미수시리
水尾,미수오
水明,싀메이초
水木,미수키
水源,싀겐
水無瀬,미나세
水町,미수마치
水谷,미수타니
水道町,싀도초
水野,미수노
氷取沢町,히토리사와초
氷室台,히무로다이
氷室町,히무로초
氷川台,히카와다이
永井,나가이
永井作,나가이사쿠
永吉,나가요시
永和,에이와
永楽町,에이라쿠초
永犬丸,에이노마루
永碇町,나가이카리마치
汐入町,시오이리초
汐見,시오미초
汐見台,시오미다이
江上町,에가미초
江南市,고난시
江原,에하라초
江原町,에하라초
江口,에구치
江坂,에사카초
江尻,에지리
江尻町,에지리초
江島,에지마마치
江川,에가와
江差町,에사시 초
江戸堀,에도보리
江戸川区,에도가와쿠
江戸川台東,에도가와다이히가시
江戸川台西,에도가와다이니시
江東区,고토쿠
江東橋,고토바시
江洲,에수
江迎町田ノ元,에무캐초타노모토
池下,이케시타
池新田,이케신덴
池河内,이케노고치
池浦町,이크라초
池田下町,이케다시모초
池田町,이케다초
池端,이케바타
池袋本町,이케부쿠로혼초
汲沢,구미사와
汲沢町,구미사와초
沖新,오키신마치
沖田,오키타
沖野,오키노
沖野上町,오키노가미초
沙流郡,사루군
沢口,사와구치
沢尻,사와지리
沢山,사와야마
沢岻,다쿠시
沢田,사와다
沢端,사와바타
河内郡,가와치군
河北郡,가호쿠 군
河原,가와라마치
河原木,가와라기
河崎,가와사키
河東,가토
河東郡,가토군
河沼郡,가와누마군
河浦町崎津,가와우라마치사킽수
河浦町河浦,가와우라마치카와우라
河西郡,가사이군
河野,고노무라
油町,아부라마치
治田,하따
沼山,누마야마
沼館,누마다테
泉が丘,이수미가오카
泉北郡,센보쿠군
泉南郡,센난군
泊町,도마리마치
波浮港,하부미나토
泥亀,데이키
洞内,호라나이
津丸,트수마루
津和,트수와
津和崎郷,트수와사키고
津島市,트수시마시
津島町,트수시마초
津波,트수하
津田元町,트수다모토마치
津田町,트수다마치
津田町鶴羽,트수다마칱수루와
津西,트수니시
津野,트수노
津雲台,트수쿠모다이
流町,나가레마치
浄土寺,조도지
浄明寺,조묘지
浅井町,아사이초
浅子町,아사고초
浅野,아사노초
浅間本町,센겐혼초
浅間町,센겐초
浜ノ,하마노초
浜ノ浦,하마노우라
浜子,하마고
浜島町,하마시마초
浜松市中,나카
浜松市中区,나카
浜松市南区,미나미쿠
浜松市天竜区,텐류쿠
浜松市東区,히가시 쿠
浜松市浜北区,하마키타쿠
浜松市西区,니시
浜松町,하마맡수초
浜田町,하마다초
浜町,하마초
浜竹,하마타케
浦上台,우라가미다이
浦和区,우라와쿠
浦屋敷,우라야시키
浦河郡,우루카와군
浦田,우라타
浦町,우라마치
浦見,우라미
浦郷,우라고초
浪速区,나니와 쿠
浪館前田,나미다테매다
浮津,우킽수
浮間,우키마
海岸通,가이간도리
海神,가이진초
海老塚,에빝수카
海運町,가이운초
海道町,가이도초
海部郡,아마군
淀の原町,요도노하라초
深井中町,후카이나카마치
深作,후카사쿠
深堀町,후카보리초
深大寺東町,진다이지히가시마치
深日,후케
深江本町,후캐혼마치
深田,후카다초
深田台,후카다다이
深田町,후카다초
深町,후카마치
深谷町,후카야초
深野,후카노
淵崎,후치사키
淵野辺,후치노베
添川,쇠가와
清地,세이지
清戸,기요토
清新,세이신
清武町,기요타케 초
清滝,기요타키
清澄,기요수미
清見,기요미초
清見台,기요미다이
済井出,수믜데
渋谷区,시부야
渡内,와타우치
渡利,와타리
渡戸,와타시도
渡波町,와타노하초
渡瀬,와타세
渡田,와타리다
渡田新町,와타리다신초
温水西,누루미수니시
温泉,온센
港区,미나토쿠
港川,미나토가와
湊新田,미나토신덴
湊町,미나토초
湯山,유야마
湯山台,유야마다이
湯島,유시마
湯川新町,유가와신마치
湯川町,유노카와초
湯町,유마치
湯船,유부네
湯郷,유노고
湯里,유사토
溝口,미소구치
溝堀,미소호리
溝沼,미소누마
滝沢町,다키사와초
滝野,다키노
漁町,이사리마치
潮見が丘,시오미가오카
潮見町,시오미초
澄川,수미카와초
瀬古,세코
瀬名川,세나가와
瀬崎,세사키
瀬川,세가와
瀬戸田町瀬戸田,세토다초세토다
瀬戸町,세도마치
瀬戸越,세토괴
瀬戸郷,세토고
瀬棚郡,세타나군
為又,비이마타
烏帽子町,에보시초
無田,무타
照屋,데루야
熊倉,구마쿠라
熊内橋通,구모치바시도리
熊内町,구모치초
熊川,구마가와
熊本市中央区,추오쿠
熊本市北区,기타쿠
熊本市南区,미나미쿠
熊本市東区,히가시쿠
熊本市西区,니시쿠
熊毛郡,구마게군
熊田,구마다
熊町,구마마치
片倉町,가타쿠라초
片原,가타하라
片山,가타야마초
片岡台,가타오카다이
片平町,가타히라마치
片江,가태
片淵,가타후치
片町,가타마치
片貝,가타카이
片野,가타노
牛久保,우시쿠보
牛水,우시노미수
牛深町,우시부카마치
牛窓町鹿忍,우시마도초카시노
牛袋,우시부쿠로
牟田,무타
牟礼,지요다
牧町,마키초
牧落,마키오치
物集女町,모수메초
犀川本庄,사이가와혼조
犬目,이누메
犬落瀬,이누오토세
犬蔵,이누쿠라
犬飼町,이누카이초
猪俣,이노마타
猪倉,이노쿠라마치
猪尻,이지리
猪熊,이노쿠마
猿ヶ京温泉,사루가쿄온센
猿島郡,사시마군
玉井,다마이
玉出東,다마데히가시
玉島長尾,다마시마나가오
玉川台,다마가와다이
玉津,다맡수
王子本町,오지혼초
王子町,오지초
玖珂町,구가마치
玖珠郡,구수군
球磨郡,구마군
琴芝町,고토시바초
瓜島町,우리지마초
瓜生,우류
瓦町,가와라마치
甘楽郡,칸라군
甚兵衛通,진베도리
生出,오이데
生地,이쿠지
生山,쇼야마
生月町壱部,이킽수키초이치부
生月町山田免,이킽수키초야마다멘
生田町,이쿠타초
生野町,이쿠노초
生野西,이쿠노니시
生駒郡,이코마군
田ノ浦,다노라
田中,다나카
田中町,다나카마치
田井,다이
田代,다시로
田切,다기리
田原新町,다하라신마치
田原町,다바루초
田口,다구치
田子内,다고나이
田山,다야마
田島,다지마
田川郡,쇠다 마치
田平町小手田免,다비라초코테다멘
田平町福崎免,다비라초후쿠사키멘
田方郡,다가타군
田本,다모토
田村郡,다무라군
田沢,다사와
田沢湖生保内,다사와코오보나이
田浦町,다노우라마치
田無町,다나시초
田熊,다구마
田町,다마치
田神,다가미
田端,다바타초
田端新町,다바타신마치
由良宿,유라
甲南町,고난초
甲南町耕心,고난초코신
甲子園口,고시엔구치
甲子園町,고시엔초
甲東園,고퇸
甲田,고다
甲賀町大原市場,고카초오하라이치바
甲風園,고후엔
男石,오이시
町中,마치나카
町二,마치니
町屋町,마치야초
町庭坂,마치니와사카
町裏,마치우라
畑中,하타케나카
畑原通,하타하라도리
畑寺,하타데라
畑田,하타다
番場町,반바초
番田,반다마치
番館,반다테
発地,홑치
登呂,도로
登川,노보리카와
登戸町,노보리토초
登米町寺池,도요마마치테라이케
登野城,도노구수쿠
白壁,시라카베
白岳,시라타케
白島,하쿠시마
白楽,하쿠라쿠
白毫寺町,뱌쿠코지초
白沢,시라사와
白田,시로타
白砂,시라수
白糸台,시라이토다이
白金台,시로카네다이
白金町,시로가네초
白鳥町,시라토리초
百々,도도
百石町,햐꼬마치
的場,마토바초
皆瀬町,가이세초
皇山町,고산초
目安,메야수
目手久,메테구
目白台,메지로다이
目黒区,메구로쿠
目黒本町,메구로혼초
相の原,아이노하라
相南,소난
相原町,소하라초
相坂,오사카
相楽,사가나카
相楽郡精華町,세이카초
相模が丘,사가미가오카
相模原市中央区,추오쿠
相模原市南区,미나미쿠
相模原市緑区,미도리쿠
相模大野,사가미오노
相沢,아이사와
相生町,아이오이초
相知町相知,오치초오치
相馬郡,소마군
真喜屋,마키야
真坂,마사카
真弓,마유미
真栄里,매사토
真法院町,신포인초
真玉橋,마단바시
真田,사나다
真船,마부네
真野,마노
真鍋,마나베
矢上,야카미
矢倉,야구라
矢口,야구치
矢島,야지마
矢本,야모토
矢来町,야라이초
矢田町,야타마치
矢田野町,야타노마치
矢部,야베
矢部町,야베초
知多郡,지타군
知多郡東浦町,히가시우라 초
石丸,이시마루
石仏,이시보토케
石倉町,이시쿠라초
石原,이시하라
石原町,이시와라마치
石和町,이사와
石坪町,이싵수보마치
石堂,이시도
石崎,이시사키
石川郡,이시카와군
石戸,이시토
石橋町,이시바시마치
石江,이시에
石狩郡,이시카리군
石生,이슈
石田,이시다
石町,고쿠마치
石畑,이시바타
石神井町,샤쿠지이마치
石部,이시부
石金,이시가네
砂山,수나야마
磯上町,이소노카미초
磯上通,이소가미도리
磯光,이소밑수
磯城郡,시키군
磯浜町,이소하마초
磯部,이소베마치
社領,샤료
祇園町,기온마치
祓川,하라이카와
神ノ木通,가미노키도리
神代,가지로
神保原町,진보하라마치
神内,고나이
神大寺,칸다이지
神宮前,진구매
神宮寺,진구지
神岡町船津,가미오카초후낱수
神崎郡,칸사키군
神川町,가미카와마치
神戸市中央区,추오쿠
神戸市兵庫区,효고 쿠
神戸市北区,기타 쿠
神戸市垂水区,다루미 쿠
神戸市東灘区,히가시나다 쿠
神戸市灘区,나다 쿠
神戸市西区,니시쿠
神戸市長田区,나가타 쿠
神戸市須磨区,수마 쿠
神明町,심메이초
神松寺,신쇼지
神林,칸바야시
神楽,가구라초
神楽岡,가구라오카
神殿町,고도노초
神田川町,칸다가와초
神田町,진덴마치
神田神保町,칸다진보초
神田駿河台,칸다수루가다이
神着,가밑수키
神石郡,진세키군
神納,칸노
神若通,가미와카도리
神里,가미사토
神野,가노
神野西,가미노니시
神鳥,칸도리
禅昌寺町,젠쇼지초
福住,후쿠수미
福住通,후쿠수미도리
福吉,후쿠요시
福富町,후쿠도미
福岡市中央区,추오 쿠
福岡市南区,미나미
福岡市博多区,하카타
福岡市城南区,조난쿠
福岡市早良区,사와라
福岡市東区,히가시 쿠
福岡市西区,니시
福本,후쿠모토
福永,후쿠나가
福浜,후쿠하마
福王台,후쿠오다이
福石町,후킈시초
福野田,후쿠노다
私部西,기사베니시
秋成,아키나리
秋津町,아킽수
秋葉台,아키바다이
秋葉町,아키바초
秩父郡,지치부군
稔町,미노리초
稲元,이나모토
稲吉,이나요시
稲岡町,이나오카초
稲敷郡,이나시키군
稲生,이너
稲生町,이나오이초
稲田新町,이나다심마치
稲田本町,이나다혼마치
稲美町,이나미
稲荷,이나리마치
稲荷元町,이나리모토마치
稲荷町,이나리마치
稲葉,이나바초
稲葉元町,이나바모토마치
稲葉町,이나바초
稲葉荘,이나바소
稲野町,이나노초
穀町,고쿠초
穂波町,호나미초
穴虫,아나무시
空知郡,소라치군
立串郷,다테구시고
立田,탙수다
立石,다테이시
立神,다테가미
立花町,다치바나초
立野,다테노초
立野台,탙수노다이
竹の台,다케노다이
竹丘,다커카마치
竹原町,다케하라마치
竹鼻,다케하나
笛吹郷,후에후키고
笠田東,가세다히가시
笠神,가사가미
笠窪,가사쿠보
第一,다이이치
第三,다이산
笹下,사사게
笹尾,사사오
笹木野,사사키노
笹賀,사사가
笹野町,사사노초
筒井町,트숱싀초
箱作,하콭수쿠리
箱清水,하코시미수
築上郡,지쿠조군
築地町,트수키지초
築館薬師,트수키다테야쿠시
篠ノ井布施高田,시노노이후세타카다
篠原伯母野山町,시노하라오바노야마초
篠原北,시노하라키타마치
篠原北町,시노하라키타마치
篠原東,시노와라히가시
篠原西,시노하라니시초
篠田,시노다
篠町浄法寺,시노초조호지
籠池通,가고이케도리
米が浜通,요네가하마도리
米ノ山,고메노야마
米山町,요네야마초
米田町,요네다마치
米野,메노
粕壁東,가수카베히가시
粕谷,가수야
粟生外院,아오게인
粟生町,아오초
粟生間谷西,아오마타니니시
糟屋郡,가수야군
糟屋郡粕屋町,가수야 마치
糠塚,누카수카
糸屋町,이토야마치
糸木名,이토키나
紀北町,기호쿠
紀尾井町,기오이초
紅葉丘,모미지가오카
紋別郡,몬벹수 군
納官,노칸
納富分,노도미분
納所,노소
紐差町,히모사시초
紙屋町,가미야초
紫波郡,시와군
紫竹,시치쿠
細代,호소시로
細江町,호쇠초
細野,호소노
紺屋町,콘'야마치
絹ケ丘,기누가오카
綱島東,트수나시마히가시
綱島西,트수나시마니시
網干区新在家,아보시쿠신사이케
網干区浜田,아보시쿠하마다
綾歌郡,아야우타군
綾羽,아야하
緑丘,미도리가오카
緑井,미도리이
緑園,료쿠엔
緒川,오가와
練馬区,네리마쿠
繁根木,하네기
美原区,미하라쿠
美原町,미하라초
美和町,미와초
美咲,미사키
美咲町,미사키초
美園町,미소노초
美川,미카와
美方郡,미카타군
美浜町,미하마 초
美里町,미사토 마치
美鈴,미수수초
美馬郡,미마 군
羽倉崎,하구라사키
羽咋郡,하킈 군
羽場,하바
羽島郡,하시마군
羽広,하비로
羽束師,하수카시
羽東,하네히가시
羽根,하네
羽根木,하네기
羽沢町,하사와초
羽衣,하고로모
羽衣町,하고로모초
羽黒,하구로초
羽黒町,하구로초
翁長,오나가
老久保,오이쿠보
老松町,오이맡수초
耶麻郡,야마군
肝属郡,기뫁수키 군
肥子町,히코초
胆沢郡,이사와군
胡町,에비수초
胡麻生,고모
脇山,와키야마
脇浜,와키하마
脇神,와키가미
臼山,우수야마
臼田,우수다
興和,고와
興野,오키노
舎利寺,샤리지
舘山,다테야마
舘岡,다터카 무라
舘町,다테마치
舞々木町,마이마이기초
舞の里,마이노사토
舞戸町,마이도마치
舞阪,마이사카
舞阪町,마이사카
舟倉,후나구라
舟入町,후네이리초
舟津,후낱수
舟渡,후나도
舟町,후나마치
船場,센바
船塚,후나수카
船川,후나가와
船廻,후나마와리
船引町,후네히키마치후네히키
船引町船引,후네히키마치후네히키
船戸,후나토
船木,후나키
船江,후내
船津,후낱수
船渡,후나토
船町,후나마치
船越町,후나코시초
芝中田,시바나카다
芝久保町,시바쿠보초
芝公園,시바쾬
芝原,시바와라
芝宮根町,시바미야네초
芝樋ノ爪,시바히놑수메
芝町,시바마치
芦ケ久保,아시가쿠보
芦崎,아시사키
芦野,아시노
花之木,하나노키
花園町,하나소노초
花垣町,하나가키초
花小金井南町,하나코가네이미나미초
花山,하나야마초
花月町,가겥수초
花栗,하나구리
花沢,하나사와
花田,하나타
芳賀郡,하가군
芳野,요시노
芹沢,세리사와
苗代,내시로
若宮,와카미야
若宮町,와카미야초
若松台,와카맡수다이
若松町,와카맡수초
若松郷,와카맡수고
若林,와카바야시
若柳川南,와카야나기카와미나미
若狭,와카사
若狭町,와카사초
若竹町,와카타케초
若草町,와카쿠사초
若葉町,와카바마치
苫前郡,도마매 군
茅部郡,가야베군
茅部郡森町,모리마치
茨沢,이바라사와
茶屋,차야
茶町,차마치
茶花,차바나
草戸町,구사도초
草越,구사괴
草香江,구사개
荏原,에바라
荏田町,에다초
荒子,아라코
荒尾町,아라오마치
荒島町,아라시마초
荒川区,아라카와쿠
荒巻,아라마키
荒戸,아라토
荒木町,아라키초
荒本,아라모토
荒浜,아라하마
荒田,아라타초
荒田町,아라타초
荒砥,아라토
荒神,고진마치
荘園,쇤
荻伏町,오기후시초
荻道,오기도
莵道,도도
菅北浦,수게키타우라
菅原,수가하라
菅原町,수가와라마치
菅田町,수게타초
菅稲田堤,수가이나다숱수미
菅谷,수가야
菅野,수게노
菊水,기쿠싀
菊池郡,기쿠치군
菊野台,기쿠노다이
菊間町,기쿠마
菩提寺,보다이지
菱屋西,히시야니시
菱田,히시다
萩之茶屋,하기노차야
萩原,하기하라
萩尾,하기노
萱島本町,가야시마혼마치
萱野,가야노
落合南,오치아이미나미
落田,오치타
葉ノ木沢,하노키사와
葛が谷,구수가야
葛原,구수하라
葛飾区,캍수시카쿠
葦北郡,아시키타군
葵町,아오이초
蒲生西町,가모니시마치
蒲生郡,가모군
蓬莱町,호라이초
蓮台寺,렌다이지
蓮町,하수마치
蔵々,조소
蔵前,구라매
蔵谷,구라타니
薩摩郡,샅수마 군
薬師,야쿠시
薬師台,야쿠시다이
薬師堂,야쿠시도
藤の里,후지노사토
藤久保,후지쿠보
藤原,후지와라
藤原台中町,후지와라다이나카마치
藤戸,후지토
藤松,후지맡수
藤棚町,후지다나초
藤橋,후지하시
藤江,후지에
藤沢町,후지사와초
藤波,후지나미
藤生町,후주마치
藤田,도다초
藤白台,후지시로다이
藪塚町,야부수카초
虎ノ門,도라노몬
虻田郡,아부타군
蛇田,헤비타
蛍沢,호타루사와
蛍谷,호타루다니
蛭子,에비수마치
行事,교지
衣摺,기수리
衣笠栄町,기누카사사캐초
表町,오모테마치
袋町,후쿠로마치
裏町,우라마치
西みずほ台,니시미수호다이
西ノ,니시노무라
西三国,니시미쿠니
西三輪,니시미와
西下,니시시모
西中,니시나카무라
西中島,니시나카지마
西中田,니시나카다
西丸山町,니시마루야마마치
西久保,니시쿠보
西之,니시노
西亀有,니시카메아리
西京極,니시쿄고쿠
西代町,니시다이초
西伊興,니시이코초
西住之江,니시수미뇌
西倉,니시쿠라초
西八代郡,니시얕수시로군
西八朔町,니시하싸쿠초
西初石,니시핱싀시
西加平,니시카헤이
西向,니시무카이
西品川,니시시나가와
西城町,니시시로초
西多摩郡,니시타마군
西多田,니시타다
西大寺中,사이다이지나카
西大沼,니시오누마
西大竹,니시오다케
西天満,니시템마
西宮町,니시미야마치
西富,니시토미
西小岩,니시코이와
西小泉,니시코이수미
西尾久,니시오구
西山,니시야마초
西山田,니시야마다
西山町,니시야마초
西岩田,니시이와타
西島町,니시지마초
西崎,니시사키
西川原,니시가와라
西彼杵郡,니시소노기군
西彼町小迎郷,세이히초코무캐고
西戸部町,니시토베초
西新井本町,니시아라이혼초
西新町,니시아라마치
西方,니시카타
西日暮里,니시니뽀리
西明石町,니시아카시초
西春日井郡,니시카수가이군
西本町,니시혼초
西村山郡,니시무라야마군
西条町,사이조초
西池袋,니시이케부쿠로
西泉,니시이수미
西津田,니싵수다
西津軽郡,니싵수가루군
西浅草,니시아사쿠사
西浜,니시하마
西浜町,니시하마초
西浦,니시우라
西淡路,니시아와지
西片,니시카타마치
西牟婁郡,니시무로군
西生田,니시이쿠타
西田辺町,니시타나베초
西畦野,니시우네노
西白河郡,니시시라카와군
西神田,니시칸다
西糀谷,니시코지야
西組,니시구미
西置賜郡,니시오키타마군
西臼杵郡,니시우수키군
西船,니시후나
西若町,니시와카초
西蒲田,니시카마타
西谷町,니시야마치
西道野辺,니시미치노베
西里,니시사토
西野添,니시노쇠
西難波町,니시나니와초
西青木,니시아오키
西鶴間,니싵수루마
西麻布,니시아사부
見世,미세
見晴町,미하라시초
見瀬町,미세초
見花山,미하나야마
見通,미토리
見野,미노
見附町,밑수케초
見高,미다카
観音林,칸논바야시
詫間町松崎,다쿠마초맡수사키
諏訪町,수와초
諏訪郡,수와군
諸井,모로이
諸口,모로쿠치
諸見里,모로미사토
諸輪,모로와
識名,시키나
谷下,야시타
谷中町,야나카초
谷地,야치
谷尾崎町,다니오사키마치
谷川,다니고
谷戸町,야토초
谷津,얕수초
谷町,다니마치
豊住,도요수미
豊南,호난
豊原,도요하라초
豊原町,도요하라초
豊岡町,도요오카초
豊島区,도시마
豊島家浦,데시마이으라
豊崎,도요사키초
豊川町,도요카와초
豊平,도요히라쿠
豊浜町和田浜,도요하마초와다하마
豊玉上,도요타마카미
豊玉中,도요타마나카
豊玉北,도요타마키타
豊玉南,도요타마미나미
豊町,유타카마치
豊能郡,도요노 군
豊里町,도요사토초
豊野町,도요노초
貝沢,가이사와
貞山通,데이산도리
貫井北町,누킈키타마치
貴志川町上野山,기시가와초우에노야마
貴船,기후네
賀茂郡,가모군
赤井,아카이
赤坂町,아카사카초
赤堀,아카보리
赤山町,아카야마초
赤岡町,아카오카초
赤島町,아카시마마치
赤松町,아카맡수초
赤池,아카이케
赤沼,아카누마
赤瀬川,아카세가와
赤穂郡,아코군
赤羽西,아카바네니시
赤谷,아카타니
赤道,아카미치
赤馬場,아카바바
越中島,엩추지마
越戸,쾨도
越智郡,오치군
越来,괴쿠
足寄郡,아쇼로군
足柄上郡,아시가라카미군
足柄下郡,아시가라시모군
跡佐登原野,아토사노보리겐'야
軍川,이쿠사가와
軽里,가루사토
辛川,가라카와
辰巳,탙수미초
辺土名,헨토나
辺野古,헤노코
辻井,트수지이
辻堂東海岸,트수지도히가시카이간
近藤,콘도
近野,지카노
迫町佐沼,하사마초사누마
迫町新田,하사마초니따
追分町,오이와케초
追分西,오이와케니시
追浜本町,오빠마혼초
追浜町,오빠마초
逆瀬川,사카세가와
通町,도리마치
速見郡,하야미군
造道,트수쿠리미치
道口蛭田,도구치히루다
道庭,도니와
道祖土,사이도
道越,도고시
遠田郡,도다 군
遠藤,엔도마치
遠賀郡,온가군
遠里小野,오리오노
邑久町虫明,오쿠초무시아게
邑智郡,오치 군
邑楽郡,오라군
那古野,나고노
那珂川町,나카가와 마치
那珂郡,나카군
那賀川町中島,나카가와초나카시마
那賀郡,나카 군
那須郡,나수군
郡家,군게
郡津,고수
郷原,고바라
郷地,고치초
郷地町,고치초
郷戸,고도
郷野目,고노메
都屋,도야
都岡町,트수오카초
都島中通,미야코지마나카도리
都島本通,미야코지마혼도리
都田,미야코다
都町,미야코초
都筑区,트수수키 쿠
都賀町,트수가마치
都農町,트수노 초
酒屋町,사카야초
酒津,사카수
酒町,사카마치
醍醐,다이고
釈迦内,샤카나이
里中,사토나카초
里中町,사토나카초
里山,사토야마
里山辺,사토야마베
里浦町里浦,사토우라초사토우라
里町,사토마치
里見,사토미
重住,시게수미
重留,시게도메
野七里,노시치리
野上,노가미
野上町,노조마치
野下,노시타
野中,노나카
野中町,노나카초
野付郡,놑수케군
野原,노바라
野口町,노구치초
野崎町,노사키초
野崎郷,노사키고
野嵩,노다케
野庭町,노바초
野木崎,노기사키
野村,노무라
野村町,노무라
野水,노미수
野津原,놑수하루
野火止,노비도메
野見山,노미야마
野辺,노베
野里町,노사토초
野間,노마
金の隈,가네노쿠마
金古町,가네코마치
金堀,가나호리초
金子,가네코
金屋,가나야
金岡,가나오카
金木町,가나기초
金森,가나모리
金沢町,가나사와초
金生,가노
釜利谷南,가마리야미나미
釜利谷東,가마리야히가시
釜利谷西,가마리야니시
針町,하리초
釧路郡,구시로군
鈴原,수수하라
鈴川町,수수카와초
鈴張町,수수하리초
鈴木町,수수키초
鈴蘭台南町,수수란다이미나미마치
鈴蘭台西町,수수란다이니시마치
鈴谷,수수야
鉄砲町,데뽀마치
鉢塚,하치수카
鉢山町,하치야마초
鋳物師町,이모지마치
鍋倉,나베쿠라
鍋島,나베시마
鍛冶屋,가지야
鍛冶町,가지초
鎌塚,가맡수카
鎗屋町,야리야마치
鎮西町,친세이마치
鎮西町馬渡島,친세이마치마다라시마
鏡川町,가가미가와초
鏡田,가가미다
長井町,나가이마치
長作,나가사쿠
長内,오사나이
長吉長原東,나가요시나가하라히가시
長吉長原西,나가요시나가하라니시
長坂町,나가사카초
長尾東,나가오히가시
長居東,나가이히가시
長居西,나가이니시
長岡町,나가오카초
長岡郡,나가오카 군
長峰,나가미네
長府南之町,초후미나미노초
長根,나가네
長森,나가모리
長橋,나가하시
長橋町,나가하시초
長沢町,나가사와초
長津,나같수
長洲中通,나가수나카도리
長澤,나가사와
長生郡,초세이군
長田,나가타
長田区,나가타 쿠
長田町,나가타마치
長者,초자
長者町,초자마치
長蔵,초소
長行西,오사유키니시
長迫,나가사코
長野町,나가노초
長須賀,나가수카
門前町,몬센초
門樋町,몬피마치
門田屋敷,가도타야시키
門脇,가도노와키
閖上,유리아게
関屋,세키야
関戸,세키도
関田,세키다
関町北,세키마치키타
関町南,세키마치미나미
関西町,칸세이초
関谷,세키얕수
関間,세키마
阪南町,한난초
阿久津,아쿹수
阿佐谷北,아사가야키타
阿古,아코
阿寒町北新町,아칸초키타신마치
阿島,아지마
阿東地福上,아토지후쿠카미
阿波根,아하곤
阿蘇郡,아소군
阿賀中央,아가추오
阿部,아베
阿部倉,아베쿠라
阿部野,아베노
院内,인나이
陣内,진나이
陣屋,진'야
陵厳寺,료겐지
陽光台,요코다이
隠岐郡,오키군
雑司が谷,조시가야
雑賀,사이카마치
雑賀町,사이카마치
難波中,남바나카
青山南,아오야마미나미
青山台,아오야마다이
青木町,오기마치
青柳,아오야기초
青柳町,아오야기초
青田,아오타
青葉区,아오바
青葉町,아오바초
青野,아오노
静岡市清水区,시미수쿠
静岡市葵区,아오이쿠
静岡市駿河区,수루가 쿠
静波,시수나미
鞍掛,구라카케
韮山山木,니라야마야마키
音羽町,오토와초
頃末南,고로수에미나미
須々木,수수키
須和田,수와다
須屋,수야
須崎町,수사키마치
須成,수나리초
頓野,톤노
領家,료케
額田郡,누카타군
願成寺町,간조지마치
類家,릐케
風渡野,후또노
飯坂町,이이사카마치
飯山町,이노야마마치
飯岡,이노오카
飯島新町,이이지마신마치
飯田岡,이이다오카
飯田町,이이다초
餅田,모치타
養老郡,요로군
饒波,노하
首里石嶺町,슈리이시미네초
香南市,고난 시
香取郡,가토리군
香園,고소노
香川郡,가가와군
香椎浜,가시이하마
香椎駅東,가시이에키히가시
香澄,가수미
香登本,가가토모토
香美町,가미 초
香里園町,고리엔초
馬の背,마노세
馬出,마이다시
馬場,바바
馬瀬,마세
馬絹,마기누
馬見塚,마미수카
馬越,마고시
馬郡,마긔
駅前町,에키매초
駅南,에키미나미
駅南町,에키미나미초
駒場南,고마바미나미
駒場町,고마바초
駒川,고마가와
駒橋,고마바시
駒沢,고마사와
駒越,고마괴
駿東郡,순토군
高丘北,다카오카키타
高丸,다카마루
高久,다카히사
高井戸東,다카이도히가시
高井戸西,다카이도니시
高倉台,다카쿠라다이
高円寺北,쾬지키타
高円寺南,쾬지미나미
高取北,다카토리키타
高土町,고도초
高坊,다카보
高塚,다캍수카
高尾町,다카오마치
高屋敷,다카야시키
高屋町,다카야초
高山村,다카야마 무라
高岡郡,다카오카군
高島町,다카시마마치
高師,다카시초
高師浜,다카시노하마
高平,다카히라
高座郡,고사군
高房,다카후사
高日向,다카히나타
高木,다카기초
高来,다카쿠
高松町,다카맡수초
高校通,고코도리
高根台,다카네다이
高根町,다카네초
高森台,다카모리다이
高森町,다카모리 마치
高橋,다카하시
高殿,다카도노
高津原,다캍수하라
高洲,다카수
高瀬町,다카세초
高田町,다카타초
高町,다카마치
高砂町,다카사고초
高美町,다카미초
高良,다카라
高見町,다카미초
高辺台,다카베다이
高辻,다캍수지
高部,다카베
高野台,다카노다이
高陽青柳町,고요아오야기초
高雄,다카오쿠
高須東,다카수히가시
高須町,다카수초
高館,다카다테
高麗橋,고라이바시
高鼻町,다카하나초
鬼北町,기호쿠
魚崎北町,우오사키키타마치
魚町,우오마치
鮫島,사메지마
鳥取大通,도또리오도리
鳥喰,도리바네
鳥坂,도리사카
鳥見町,도리미초
鳳東町,오토리히가시마치
鳳珠郡,호수 군
鳴和町,나루와마치
鳴子温泉,나루코 온센
鳴子町,나루코 초
鳴尾町,나루오초
鳴川,나루카와초
鳴海町,나루미초
鳴神,나루카미
鴨子ケ原,가모코가하라
鴨田,가모다
鴫野東,시기노히가시
鴫野西,시기노니시
鵜殿,우도노
鵠沼松が岡,구게누마맡수가오카
鵠沼桜が岡,구게누마사쿠라가오카
鵠沼海岸,구게누마카이간
鵠沼石上,구게누마이시가미
鵠沼神明,구게누마신메이
鵠沼花沢町,구게누마하나사와초
鶉久保,우수라쿠보
鶏冠井町,가이데초
鶴が丘,트수루가오카
鶴ケ峰本町,트수루가미네혼초
鶴屋町,트수루야초
鶴巻南,트수루마키미나미
鶴形,트수루가타
鶴町,트수루마치
鶴見中央,트수루미추오
鶴見橋,트수루미바시
鶴馬,트수루마
鷹匠町,다카조마치
鷹野,다카노
鷺宮,사기노미야
鷺山,사기야마
鹿又,가노마타
鹿子前町,가시매초
鹿嶋市,가시마시
鹿本町高橋,가모토마치타카하시
鹿田,시카다
鹿町,시카마치초
鹿町町長串,시카마치초나구시
鹿足郡,가노아시 군
麓町,후모토마치
麦野,무기노
麻生区,아사오 쿠
黄金,고가네마치
黄金町,고가네마치
黄金野,고가네노
黒岩,구로이와
黒崎町,구로사키마치
黒川,구로카와
黒川郡,구로카와군
黒河,구로카와
黒浜,구로하마
黒瀬町,구로세초
黒田,구로다
黒砂台,구로수나다이
黒磯町,구로이소마치
黒金町,구로가네초
黒髪,구로카미초
鼓が滝,트숱수미가타키
龍田,탙수다
龍野町富永,탙수노초토미나가
