一日,
与那城,
世田谷,
並木,
中京,
中原,
中和田,
中央町,
中央通,
中島町,
中新田,
中村,
中村町,
中条,
中河原,
中浜,
中田,
中町,
中目黒,
中通,
中通り,
中部,
中野島,
串木野,
丸の内,
丸子,
丸子町,
丸尾,
丸山,
丸山町,
丸岡,
丹原,
丹後,
久が原,
久万,
久世,
久保,
久我山,
久村,
久礼,
久米,
久米田,
久里浜,
久野,
九条,
亀戸,
亀有,
亀津,
亀田,
亀甲,
二ツ井,
二ツ橋,
二俣川,
二川,
二日市,
二番町,
二葉,
二見,
五井,
五反,
五反田,
五日市,
五月,
五条,
五楽,
五軒,
五輪,
五香,
井土,
井尻,
井草,
京橋,
京浜,
京阪,
京阪奈,
仁川,
仁田,
仁豊野,
今井,
今宿,
今市,
今村,
今泉,
今泊,
今津,
今福,
仙台市,
仙川,
代々木,
代官山,
代田,
伊川,
伊田,
伊達,
伊野,
伊集院,
伏屋,
伏見,
伝法,
但馬,
住之江,
住吉,
住吉山手,
佐保,
佐原,
佐土原,
佐敷,
佐賀関,
保内,
保原,
保土ケ谷,
保土ヶ谷,
保良,
保谷,
修善寺,
倉松,
健軍,
元加治,
元城,
元寺,
元木,
元村,
元浦河,
元町,
光が丘,
光の森,
光丘,
光明,
光風台,
児玉,
入曽,
入舟,
八幡町,
八幡西,
八日市,
八日市場,
八木,
八木山,
八栗,
八熊,
八田西,
八甲,
八郷,
八重,
公所,
六原,
六実,
六日町,
六本木,
六本松,
六甲,
六町,
六角橋,
具志川,
具志頭,
兼次,
内丸,
内海,
内郷,
円山,
出戸,
出水,
出津,
初台,
初島,
別所,
前原,
前田,
加勢,
加布里,
加悦,
加治木,
加納,
加茂川,
加賀野,
勝沼,
勝田,
勝間田,
北,
北一条,
北中,
北十,
北千,
北品川,
北国分,
北堀江,
北大,
北新,
北条,
北松戸,
北柏,
北沢,
北浜,
北浦,
北浦和,
北田辺,
北町,
北豊中,
北越谷,
北部,
北野,
北野田,
十三,
十二,
十文字,
十文字平,
十日市場,
十日町,
千住,
千城台,
千種,
千里丘,
千里山,
千駄ヶ谷,
南三咲,
南住吉,
南光,
南光台,
南千,
南吹田,
南堺,
南大,
南宮,
南小倉,
南山,
南平台,
南柏,
南浦和,
南町,
南船橋,
南花台,
南花島,
南越,
南越谷,
南部,
博多,
印南,
厚別,
原宿,
原市,
原町,
原町田,
友愛,
古仁屋,
古城,
古屋,
古川,
古市,
古志原,
古江,
古淵,
古田,
古町,
古知野,
古賀,
可部,
吉井,
吉備,
吉原,
吉塚,
吉成,
吉浦,
吉祥寺,
名東,
名瀬,
名谷,
向原,
向山,
向島,
向河原,
向陽,
吹上,
吾妻,
吾妻町,
呉羽,
周船寺,
周陽,
呼子,
和合,
和戸,
和泉,
和田,
和田山,
和白,
品川,
唐崎,
喜瀬,
喜連,
嘉渡,
四ツ谷,
四谷,
四貫島,
国分,
国府,
国府津,
園田,
園部,
土井,
土居,
土山,
土師,
土沢,
土生,
坂下,
坂之上,
坪生,
城之橋,
城北,
城南,
城山,
城崎,
城西,
堀ノ内,
堀切,
堀川,
堅田,
報恩寺,
堺東,
塚口,
塩屋,
塩山,
塩町,
塩釜,
境南,
売布,
夙川,
多摩川,
多磨,
多良,
大みか,
大三沢,
大久保,
大井,
大井町,
大仁,
大佐志,
大倉山,
大内,
大前,
大勝,
大原,
大名,
大国,
大地,
大坂,
大塚,
大学,
大富,
大寺,
大屋,
大山田,
大岡,
大岡山,
大岩,
大峰,
大島,
大師,
大平,
大庭,
大曲,
大曽,
大棚,
大森,
大楠,
大樹,
大正,
大江天主堂,
大沢,
大浜,
大浦,
大湊,
大溝,
大濠公園,
大瀬,
大石,
大秦,
大穂,
大網,
大胡,
大船,
大貫,
大通り,
大道,
大里,
大野台,
大隅,
天下茶屋,
天沼,
天満,
天王台,
天王寺,
天白,
天神,
天神町,
天竜,
天道,
太子,
太平,
太田尾,
太田町,
太秦,
太閤,
奥中山,
奥入,
奥沢,
奥田,
奥間,
姫宮,
姫里,
子母口,
学園,
学園前,
学校,
宇久井,
宇佐美,
宇地泊,
宇堅,
宇山,
宇津,
安土,
安岡,
安慶名,
安木屋場,
安行,
安謝,
安里,
安食,
宝亀,
室園,
室町,
宮内,
宮前町,
宮原,
宮園,
宮城野,
宮島,
宮里,
宿河原,
富久,
富士見台,
富川,
富来,
富永,
富沢,
富田,
富野,
富雄,
寸座,
寺尾,
小中野,
小倉,
小倉台,
小出,
小原,
小名,
小国,
小園,
小岩,
小月,
小杉,
小松川,
小森野,
小泉町,
小湊,
小瀬,
小瀬戸,
小町,
小石川,
小禄,
小糸,
小見川,
小路,
小野田,
小金,
小金原,
小針,
小阪,
小高,
小鹿,
尾上,
尾山台,
尾島,
尾崎,
尾張,
尾根,
屋代,
屋宜,
屋富祖,
屋島,
屋形,
屋我,
屋部,
山の下,
山の手,
山下,
山中,
山城,
山城町,
山崎,
山手,
山手台,
山手町,
山本,
山王原,
山県,
山神,
山科,
山西,
山谷,
山越,
山野,
山間,
山陽,
山高原,
岡前,
岡本,
岡村,
岡部,
岩の上,
岩井,
岩切,
岩園,
岩城,
岩屋,
岩本,
岩村田,
岩根,
岩槻,
岩滝,
岩瀬,
岩谷,
岸之里,
峰山,
峰町,
島之内,
島崎,
島袋,
嵯峨野,
川上,
川之江,
川和,
川奈,
川尻,
川平,
川桁,
川谷,
川鶴,
巣鴨,
左京,
巨摩,
市ヶ尾,
市ヶ谷,
布引,
布施,
希望ケ丘,
帝塚山,
帯山,
常盤台,
常磐,
常磐町,
幌向,
幕張,
幡ヶ谷,
平和台,
平土野,
平安,
平尾,
平岡,
平福,
平良,
平良川,
平野,
平針,
幸町,
幸谷,
広江,
広瀬,
広畑,
庄和,
弓町,
弥生,
弥生台,
弦巻,
彦島,
御厨,
御器所,
御園,
御幸,
御幸町,
御影,
御徒町,
徳丸,
徳力,
徳山,
徳田,
志度,
志村,
志筑,
忠和,
恵我之荘,
愛子中央,
愛宕,
愛宕町,
愛野,
成城,
成増,
成沢,
戸倉,
戸塚,
戸山,
戸手,
戸畑,
戸部,
扇町,
手ノ浦,
手稲,
折尾,
押切,
拝島,
挙母,
振内,
文京,
新丸子,
新井,
新大和,
新子安,
新家,
新宿,
新宿区,
新小岩,
新屋,
新川,
新所,
新松戸,
新栄,
新横浜,
新橋,
新津,
新湊,
新田,
新町,
新船,
新都心,
方南,
旗の台,
日ノ本,
日下,
日之出,
日吉,
日吉台,
日和,
日当,
日明,
日暮里,
日本橋,
日比,
日詰,
日野南,
早岐,
早稲田,
早良,
旭,
旭が丘,
旭ケ丘,
旭ヶ丘,
旭丘,
明の,
明星,
明治,
明野,
星塚,
春日丘,
春江,
更生,
曽根,
月が丘,
月寒,
月島,
月見,
月見山,
有明,
有松,
有福,
有野台,
服部,
望月,
木ヶ津,
木之本,
木場,
木山,
木幡,
木津,
木造,
末吉町,
本地,
本多,
本所,
本河内,
本渡,
本牧,
本田,
本荘,
本郷,
本郷台,
杉並,
杉田,
村松,
東,
東中,
東中央,
東中野,
東仙台,
東伏見,
東住吉,
東光,
東八幡,
東六番,
東古,
東名,
東和,
東垂水,
東城,
東大宮,
東山田,
東岡,
東川口,
東成,
東所沢,
東新,
東方,
東梅,
東浦和,
東淀川,
東灘,
東田,
東町,
東篠崎,
東豊中,
東長,
東須磨,
東風平,
東駒形,
松が峰,
松ヶ丘,
松丘,
松井,
松代,
松任,
松前,
松園,
松尾,
松岡,
松木,
松本通,
松橋,
松永,
松江東,
松沢,
松神子,
松見,
板宿,
板橋,
林間,
枝光,
枝川,
枝幸,
柏,
柏木,
柳井原,
柳沢,
柴又,
柵原,
柿ノ木,
栃尾,
栄,
栗平,
栗橋,
根本,
根津,
根瀬,
桂町,
桃園,
桃山,
桃谷,
桐,
桑原,
桔梗が丘,
桜が丘,
桜ケ丘,
桜ヶ丘,
桜台,
桜山,
桜新町,
桜本,
桜町,
桶狭間,
梁川,
梅ケ丘,
梅花,
梅香,
森小路,
森林,
植松,
椎名,
椎田,
楠原,
楠葉台,
楢山,
楯岡,
横山,
横浦,
横芝,
樫山,
武佐,
武庫,
武蔵ヶ丘,
母間,
比良,
毛呂,
気賀,
水の浦,
水主,
水元,
水口,
水場,
水島,
水沢,
永代,
永原,
永山,
永楽,
永福,
永谷,
江ノ口,
江上,
江南,
江古田,
江尾,
江差,
江戸,
江戸川,
江東,
江田,
江福,
池の上,
池上,
池戸,
河原町,
河畔,
油津,
沼南,
泉ケ丘,
泉中央,
泉北,
泉台,
泉尾,
泉水,
泉町,
泉野,
泡瀬,
洋光台,
洗足,
洗馬,
洛西,
津久井,
津守,
津屋崎,
津島,
津本,
津田,
津田沼,
浄水通,
浅子,
浅田,
浅草橋,
浅虫,
浜ノ町,
浜串,
浜北,
浜名,
浜坂,
浜寺,
浜島,
浜田山,
浜甲子園,
浦上,
浦佐,
浦和,
浦富,
浦賀,
浦頭,
浪岡,
浪打,
浪花,
浪速,
海岸,
海老江,
海道,
淀川,
淡輪,
深井,
深堀,
深沢,
深津,
深草,
清水,
清水ヶ丘,
清水町,
清田,
渋沢,
渋谷,
渡波,
渡辺通,
港,
港北,
港南,
港南台,
港町,
湊川,
湖北台,
湘南,
湘南台,
湯本,
満濃,
源河,
溝の口,
溝ノ口,
滑石,
滝町,
滝野川,
潮江,
潮見,
瀬田,
瀬留,
瀬谷,
瀬野,
瀬高,
灘,
灰塚,
烏山,
烏帽子,
焼山,
焼崎,
熱田,
片倉,
片岡,
片柳,
片瀬,
牛津,
牛深,
牛込,
牧港,
牧野,
物部,
犬塚,
犬飼,
玉島,
玉川学園,
玉造,
王子,
瓜連,
甘木,
生田,
生野,
用賀,
田並,
田名,
田園,
田園調布,
田平,
田村町,
田沼,
田浦,
田無,
田隈,
由比ガ浜,
甲南,
甲子園,
甲西,
男山,
町屋,
畑沢,
番町,
畳屋丁,
登戸,
白川台,
白根,
白橿,
白百合,
白羽,
白金,
白銀,
白鳥,
白鷺,
百人町,
百合ヶ丘,
百合丘,
百道,
皆瀬,
直江,
相原,
相川,
相模,
相模台,
相武台,
相浦,
真栄,
真砂,
矢作,
石動,
石和,
石山,
石嶺,
石橋,
石津,
石神井,
砂町,
砧,
碑文谷,
磯子,
社家,
祇園,
祖師谷,
神園,
神居,
神川,
神明,
神木,
神楽町,
神水,
神池,
神泉,
神港,
神田,
神田川,
神足,
神路,
福光,
福岡町,
福江,
福田,
福田町,
福良,
福見,
福野,
福間,
秋名,
秋月,
秋津,
秋葉原,
秋鹿,
稔台,
種子,
稲佐,
稲取,
稲毛,
稲毛海岸,
稲田,
稲荷山,
穂高,
立花,
竹の塚,
竹岡,
竹谷,
竹野,
第二,
笹丘,
笹塚,
笹谷,
笹野,
等々力,
筑摩,
筑紫,
箱崎,
築地,
築城,
築港,
篠原,
篠崎,
米山,
糸井,
紀勢,
紐差,
紫原,
細江,
細沼,
経堂,
給田,
綱島,
網干,
網野,
総持寺,
緑,
緑が丘,
緑ケ丘,
緑ヶ丘,
緑町,
緑野,
練馬,
羊ヶ丘,
美しが丘,
美原,
美園,
美浜,
美里,
美馬牛,
羽曳が丘,
羽沢,
羽犬塚,
羽鳥,
習志野台,
翠町,
老司,
胡屋,
能古,
脇本,
脇町,
膳所,
膳棚,
自由が丘,
自由ケ丘,
自由ヶ丘,
臼井,
船堀,
船岡,
船引,
船越,
花園,
花小金井,
花川,
花徳,
花畑,
花見川,
花野井,
若山,
若木,
若松,
若柳,
若草,
若葉,
若葉台,
茅ヶ崎南,
茅ヶ崎東,
茗荷谷,
茶屋町,
茶山,
草葉,
草薙,
荒井,
荒島,
荒川,
荒木,
荘内,
菅生,
菊名,
菊間,
菖蒲,
萩園,
萩田,
落合,
葛飾,
蒔田,
蒲原,
蒲生,
蒲田,
蓬莱,
蓮根,
蓮沼,
薬円台,
薬水,
藤が丘,
藤代,
藤野,
藻岩下,
虹ケ丘,
虹ヶ丘,
行徳駅前,
衣笠,
袴塚,
西,
西が丘,
西ノ台,
西上,
西九条,
西堀,
西大井,
西小倉,
西岡,
西岡本,
西島,
西川口,
西巣鴨,
西成,
西戸崎,
西所沢,
西新,
西新井,
西早稲田,
西明石,
西淀川,
西片町,
西田,
西町,
西立野,
西舞子,
西船橋,
西荻,
西荻北,
西荻南,
西落合,
西谷,
西野,
西鎌倉,
西阿室,
西阿知,
要町,
見晴,
見沼,
観音,
誉田,
警固,
谷中,
谷原,
谷山,
谷田,
豊四季,
豊島,
豊後,
豊栄,
豊沢,
豊津,
豊浜,
象潟,
貝津,
貞光,
貫井南町,
賀茂,
赤坂,
赤堤,
赤塚,
赤尾,
赤岡,
赤木,
赤沢,
赤湯,
赤間,
轟木,
辰口,
辻堂,
近永,
追分,
追浜,
通り,
道北,
道場,
遠浅,
那珂湊,
郷ケ丘,
都岡,
都島,
都筑,
都賀,
都農,
酒匂,
野並,
野口,
野尻,
野崎,
野方,
野比,
野沢,
野田町,
野芥,
野里,
金ヶ作,
金井,
金剛,
金城,
金山,
金木,
金津,
金田,
金町,
金目,
金谷,
釜利谷,
鈴川,
鈴蘭,
鉄町,
銀屋町,
錦糸,
錦織,
鍛冶,
長丘,
長住,
長原,
長坂,
長尾,
長居,
長束,
長沢,
長津田,
長浦,
長瀬,
長町,
長町南,
長谷,
長野本,
門前,
門司,
門戸,
開拓,
間瀬,
関口,
関東,
関町,
関目,
関西,
阿佐,
阿佐ヶ谷,
阿倍野,
阿漕,
陸前,
隈府,
隼人,
雲内,
霞ケ丘,
霧が丘,
青堀,
青山,
青山町,
青島,
青戸,
青葉,
青葉台,
青谷,
静内,
面縄,
韮山,
須川,
須磨,
須賀,
飯坂,
飯盛,
首里,
香住ケ丘,
香里園,
馬堀,
馬場町,
馬橋,
馬渡,
馬見,
馬込,
駅前,
駅北,
駒場,
駒込,
駿河,
高井,
高倉,
高千,
高台,
高坂,
高城,
高宮,
高尾,
高屋,
高峰,
高島平,
高木町,
高林,
高根,
高森,
高津,
高清水,
高瀬,
高田,
高田馬場,
高畑,
高美,
高見,
高輪,
高遊,
高須,
高麗,
鯛ノ浦,
鰍沢,
鳥屋野,
鳥飼,
鳴子,
鳴尾,
鳴海,
鴨居,
鴻池,
鵜方,
鵠沼,
鶴ケ島,
鶴崎,
鶴橋,
鶴見,
鷲敷,
鷹取,
鷹巣,
鷺沼,
鹿子前,
鹿島台,
鹿島田,
鹿島町,
鹿浜,
麹町,
麻溝台,
麻生,
黒島,
黒崎,
黒松,
黒瀬,
黒磯,
黒羽,
