上武佐ハリストス正教会,
フランシスカンチャペルセンター,
ナザレン教会,
カトリック教会聖堂,
カトリック碑文谷教会,
カトリック蒲田教会,
日本バプテスト宣教団,
日本バプテスト深川教会,
日本福音ルーテル博多教会,
日本聖公会東京教区聖アンデレ教会,
東京キリストの教会,
福岡国際キリスト教会,
聖オルバン教会,
聖ミカエル教会,
聖ヶ丘教会,
自由キリスト教,
行人坂教会,
函館ハリストス正教会,
函館聖ヨハネ教会,
PL教会,
サレジオ教会,
トラピスチヌ修道院,
ベテル教会,
ヨハン筑波キリスト教会,
中渋谷教会,
代々木教会,
大名町教会,
天理教会,
天理教原宿分教会,
天理教道治分教会,
幡ヶ谷キリスト教会,
広尾教会,
恵泉教会,
新栄教会,
日本キリスト教団鳥居坂教会,
日本基督教団福岡中部教会,
末日生徒イエスキリスト教会,
本多記念教会,
東京山手教会,
東京第一科学者教会,
渋谷教会,
渋谷聖ミカエル教会,
目黒原町教会,
目黒教会,
福岡中部教会,
聖ドミニコカトリック渋谷教会,
聖母の勝利司教座聖堂,
豊山教会,
金光教神宮教会,
高輪教会,
麻布カトリック教会,
