湘南,Shonan
関東,Kanto
関西,Kansai
京浜,Keihin
京阪,Keihan
京阪奈,Keihanna
けいはんな,Keihanna
今治旭方,Imabari Hikata
めじろ台,Mejirodai
首里,Shuri
舞子の丘,Maikonooka
旭,Asahi
堺東,Sakaihigashi
翠町,Midorimachi
ゆりのき,Yurinoki
古知野,Kochino
灘,Nada
釜利谷,Kamariya
丹後,Tango
保土ケ谷,Hodogaya
徳山,Tokuyama
岸之里,Kishinosato
毛呂,Kero
網野,Amino
門戸,Mondo
潮江,Ushioe
富雄,Tomio
気賀,Kiga
はりま,Harima
彦島,Hikoshima
郷ケ丘,Satogaoka
鶴ケ島,Tsurugashima
楠葉台,Kuzuhadai
城之橋,Jonohashi
浜寺,Hamadera
小岩,Koiwa
入曽,Iriso
鵜方,Ugata
西阿知,Nishiachi
洛西,Rakusai
近永,Chikanaga
西荻,Nishiogi
江ノ口,Enokuchi
網干,Aboshi
栄,Sakae
満濃,Manno
隼人,Hayato
牛津,Ushizu
福間,Fukuma
辰口,Tatsunokuchi
挙母,Koromo
香貫,Kanuki
鯛ノ浦,Tainoura
こどもの国,Kodomonokuni
御徒町,Okachimachi
大湊,Ominato
三光,Sanko
山陽,Sanyo
宜野湾,Ginowan
布佐,Fusa
アジア,Asia
ベイサイド,Bay Side
勝沼,Katsunuma
八栗,Yakuri
銀屋町,Ginyamachi
元加治,Motokaji
太秦,Uzumasa
韮山,Nirayama
富来,Togi
巨摩,Koma
紀勢,Kisei
千城台,Chishirodai
阿漕,Akogi
大みか,Omika
日暮里,Nippori
六本木,Roppongi
西東京,Nishitokyo
寝屋川,Neyagawa
本牧,Honmoku
鵠沼,Kugenuma
畳屋丁,Tatamiyacho
南堺,Minamisakai
浜串,Hamakushi
夙川,Shukugawa
砧,Kinuta
桐,Kiri
庄和,Showa
甲西,Kosei
福見,Fukumi
緑,Midori
神港,Shinkou
港,Minato
HAT神戸,HAT Kobe
寸座,Sunza
津山,Tsuyama
松丘,Matsuoka
大泉,Oizumi
安城,Anjo
四日市,Yokkaichi
岩倉,Iwakura
磐田,Iwata
浜松,Hamamatsu
大宮,Omiya
城東,Joto
高座,Koza
能勢口,Noseguchi
香住,Kasumi
荻窪,Ogikubo
香椎,Kashii
目白,Mejiro
